date,r0s0_p90,r0s0_valid,r0s1_p90,r0s1_valid,r0s2_p90,r0s2_valid,r0s3_p90,r0s3_valid,r0s4_p90,r0s4_valid,r0s5_p90,r0s5_valid,r0s6_p90,r0s6_valid,r0s7_p90,r0s7_valid,r1s0_p90,r1s0_valid,r1s1_p90,r1s1_valid,r1s2_p90,r1s2_valid,r1s3_p90,r1s3_valid,r1s4_p90,r1s4_valid,r1s5_p90,r1s5_valid,r1s6_p90,r1s6_valid,r1s7_p90,r1s7_valid,r2s0_p90,r2s0_valid,r2s1_p90,r2s1_valid,r2s2_p90,r2s2_valid,r2s3_p90,r2s3_valid,r2s4_p90,r2s4_valid,r2s5_p90,r2s5_valid,r2s6_p90,r2s6_valid,r2s7_p90,r2s7_valid
2016-06-18,,0,-0.001898,1,-0.002,1,-0.002,1,,0,,0,,0,,0,-0.000264,0.68,-0.001209,0.86,-0.001157,0.85,-0.001106,0.75,-0.000519,0.5,,0,,0,,0,-0.000009,0.76,-0.000877,0.95,-0.001106,0.83,-0.000979,0.97,-0.000774,0.75,,0,,0,,0
2016-06-25,,0,-0.000494,1,-0.000519,1,-0.000213,1,,0,,0,,0,,0,-0.000621,0.64,-0.00057,0.76,-0.000417,0.65,-0.000034,0.5,-0.000009,0.44,,0,,0,,0,0.000119,0.75,-0.000698,0.63,-0.000877,0.38,-0.000774,0.51,-0.000238,0.65,-0.002,0.02,,0,,0
2016-07-02,,0,-0.00057,1,-0.000468,1,-0.000443,1,,0,,0,,0,,0,-0.00006,0.73,-0.00034,1,-0.000366,1,-0.000009,1,-0.000136,0.5,,0,,0,,0,0.000477,0.76,-0.000519,1,-0.000979,0.94,-0.000443,0.94,-0.000213,0.75,-0.002,0.02,,0,,0
2016-07-09,,0,-0.001413,1,-0.000979,1,-0.002,1,,0,,0,,0,,0,-0.000698,0.73,-0.000672,1,-0.000698,1,-0.000545,1,-0.000417,0.44,,0,,0,,0,-0.000468,0.75,-0.000494,0.98,-0.000494,0.97,-0.000647,1,-0.000443,0.75,,0,,0,,0
2016-07-16,,0,-0.001209,1,-0.00006,1,-0.000723,1,,0,,0,,0,,0,0.000145,0.64,0.000119,1,-0.000902,1,-0.0008,1,-0.000621,0.44,,0,,0,,0,0.0004,0.75,-0.000162,1,-0.000979,0.97,-0.001055,0.94,-0.000111,0.65,,0,,0,,0
2016-08-01,,0,-0.001311,1,-0.000468,1,-0.000468,1,,0,,0,,0,,0,-0.000621,0.68,-0.000545,0.95,-0.000647,0.85,-0.000366,0.9,-0.000672,0.5,,0,,0,,0,-0.000545,0.72,-0.00057,0.83,-0.000749,0.97,-0.000826,0.81,-0.000647,0.75,,0,,0,,0
2017-02-04,,0,,0,,0,,0,,0,,0,,0,,0,,0,,0,,0,,0,,0,,0,,0,,0,,0,,0,,0,,0,,0,,0,,0,,0
2017-02-11,,0,-0.002,1,-0.001872,1,-0.001515,1,,0,,0,,0,,0,-0.001413,0.64,-0.001311,1,-0.001336,1,-0.001209,1,-0.001387,0.5,,0,,0,,0,-0.001336,0.76,-0.001285,1,-0.00126,0.97,-0.001234,0.99,-0.00126,0.75,,0,,0,,0
2017-03-13,,0,,0,,0,,0,,0,,0,,0,,0,,0,,0,,0,,0,,0,,0,,0,,0,,0,,0,,0,,0,,0,,0,,0,,0
2017-03-20,,0,-0.001515,1,-0.000826,1,-0.00057,1,,0,,0,,0,,0,-0.001132,0.68,-0.00103,1,-0.000979,1,-0.000647,1,-0.000596,0.5,,0,,0,,0,-0.000672,0.75,-0.000953,1,-0.000928,1,-0.000877,0.97,-0.000672,0.72,,0,,0,,0
2017-03-27,,0,-0.002,1,-0.00154,1,-0.001055,1,,0,,0,,0,,0,-0.001055,0.68,-0.000953,1,-0.000851,1,-0.000902,1,-0.000877,0.5,,0,,0,,0,-0.000928,0.75,-0.001081,1,-0.001055,1,-0.000928,1,-0.000953,0.77,,0,,0,,0
2017-04-03,,0,-0.002,1,-0.000187,1,-0.001336,1,,0,,0,,0,,0,-0.000851,0.64,-0.000136,1,-0.00006,1,-0.000417,1,-0.000264,0.44,,0,,0,,0,-0.000698,0.75,-0.000494,1,-0.000774,1,-0.000877,1,-0.000902,0.75,,0,,0,,0
2017-04-10,,0,-0.002,1,-0.002,0.67,-0.002,0.5,,0,,0,,0,,0,-0.001362,0.55,-0.001311,1,-0.001209,1,-0.001387,1,-0.002,0.39,,0,,0,,0,-0.000979,0.75,-0.001004,1,-0.001209,1,-0.001311,1,-0.001617,0.67,,0,,0,,0
2017-04-17,,0,,0,,0,,0,,0,,0,,0,,0,-0.001898,0.45,-0.001157,0.57,-0.001311,0.6,-0.001949,0.2,-0.002,0.17,,0,,0,,0,-0.001209,0.75,-0.001081,0.75,-0.001004,0.28,-0.001055,0.24,-0.001311,0.2,,0,,0,,0
2017-04-24,-0.002,0.5,-0.000826,1,-0.001362,1,-0.001413,1,,0,,0,,0,,0,-0.00126,0.64,-0.000723,1,-0.001285,1,-0.0008,1,-0.001004,0.44,,0,,0,,0,-0.001055,0.75,-0.000979,1,-0.001081,0.97,-0.000902,1,-0.001106,0.68,,0,,0,,0
2017-05-01,,0,-0.002,1,-0.001285,1,-0.002,1,,0,,0,,0,,0,-0.001209,0.64,-0.000774,1,-0.000647,1,-0.000774,1,-0.001515,0.44,,0,,0,,0,-0.0008,0.75,-0.000698,1,-0.000749,1,-0.000596,1,-0.000851,0.72,,0,,0,,0
2017-05-08,-0.002,0.5,-0.002,1,-0.002,1,-0.002,1,,0,,0,,0,,0,-0.001515,0.64,-0.001183,1,-0.001004,1,-0.000979,1,-0.002,0.44,,0,,0,,0,-0.000545,0.75,-0.000902,1,-0.000494,1,-0.0008,1,-0.001106,0.75,,0,,0,,0
2017-05-15,,0,-0.002,1,-0.001413,1,-0.002,1,,0,,0,,0,,0,-0.000877,0.64,-0.000953,1,-0.00103,1,-0.001209,1,-0.002,0.5,,0,,0,,0,-0.00057,0.75,-0.001004,1,-0.000953,1,-0.000953,1,-0.00103,0.75,,0,,0,,0
2017-05-22,,0,,0,,0,,0,,0,,0,,0,,0,-0.001489,0.05,-0.001183,0.43,-0.001796,0.9,-0.001821,0.75,-0.001694,0.17,,0,,0,,0,-0.001515,0.03,-0.001489,0.48,-0.001745,0.25,-0.001719,0.53,-0.001515,0.62,,0,,0,,0
2017-05-29,-0.002,0.5,-0.002,1,-0.001464,1,-0.002,1,,0,,0,,0,,0,-0.001515,0.64,-0.001234,1,-0.001183,1,-0.001311,1,-0.002,0.5,,0,,0,,0,-0.001209,0.75,-0.001106,1,-0.001157,1,-0.001234,1,-0.001336,0.75,,0,,0,,0
2017-06-05,,0,0.000247,1,-0.0008,1,-0.000979,1,,0,,0,,0,-0.002,0.5,-0.00034,0.73,-0.000111,1,-0.000851,1,-0.000902,1,-0.000621,0.5,,0,,0,,0,-0.000672,0.75,-0.000672,0.86,-0.001132,0.86,-0.00103,1,-0.001362,0.77,-0.002,0.02,,0,,0
2017-06-12,,0,-0.001285,1,-0.000519,1,-0.001081,1,,0,,0,,0,,0,-0.000596,0.68,-0.000698,1,-0.000187,1,-0.000596,1,0.002111,0.5,,0,,0,,0,0.000145,0.75,-0.000826,1,-0.00103,1,-0.001055,1,-0.001004,0.75,,0,,0,,0
2017-06-19,,0,-0.002,1,-0.001209,1,-0.001285,1,,0,,0,,0,,0,-0.001004,0.68,-0.000877,1,-0.000826,1,-0.000877,1,-0.001157,0.5,,0,,0,,0,-0.000851,0.75,-0.001106,1,-0.001055,1,-0.000979,1,-0.001081,0.75,,0,,0,,0
2017-06-26,,0,-0.001591,1,-0.001438,1,-0.001311,1,,0,,0,,0,,0,-0.001183,0.64,-0.00126,1,-0.001157,1,-0.001132,1,-0.001311,0.5,,0,,0,,0,-0.000928,0.75,-0.001387,1,-0.001438,0.82,-0.001438,0.85,-0.001387,0.75,,0,,0,,0
2017-07-03,,0,-0.002,1,-0.001668,1,-0.00177,1,,0,,0,,0,,0,-0.001311,0.68,-0.001081,0.95,-0.001081,0.95,-0.000902,1,-0.001004,0.5,,0,,0,,0,-0.001055,0.76,-0.001106,0.97,-0.001132,0.92,-0.00103,0.99,-0.001055,0.75,,0,,0,,0
2017-07-10,,0,-0.001796,1,-0.001643,0.67,-0.001668,1,,0,,0,,0,,0,-0.001132,0.68,-0.001081,0.95,-0.001081,0.9,-0.001055,0.95,-0.000443,0.5,,0,,0,,0,-0.000902,0.72,-0.00126,0.95,-0.001081,0.98,-0.001055,0.99,-0.001055,0.75,,0,,0,,0
2017-07-17,,0,-0.001106,1,-0.000902,1,-0.001081,1,,0,,0,,0,,0,-0.001081,0.68,-0.001055,1,-0.00103,1,-0.000468,1,0.000706,0.5,,0,,0,,0,-0.000953,0.74,-0.001081,0.91,-0.001132,0.88,-0.001055,0.9,-0.000366,0.75,,0,,0,,0
2017-07-24,,0,-0.00103,1,-0.000928,1,-0.000826,1,,0,,0,,0,,0,-0.000851,0.68,-0.000902,1,-0.000953,1,-0.000902,1,-0.000494,0.5,,0,,0,,0,-0.000979,0.75,-0.001106,1,-0.001157,0.98,-0.001132,0.99,-0.0008,0.75,,0,,0,,0
2017-07-31,,0,-0.001311,1,-0.000979,1,-0.0008,1,,0,,0,,0,,0,-0.001081,0.68,-0.00103,1,-0.001081,1,-0.000749,1,-0.000672,0.5,,0,,0,,0,-0.000723,0.72,-0.001081,0.94,-0.001081,0.83,-0.001004,0.99,-0.000902,0.75,,0,,0,,0
2017-08-07,,0,-0.001209,1,-0.001004,1,-0.000928,1,,0,,0,,0,,0,-0.000928,0.64,-0.001106,1,-0.000953,1,-0.001106,1,-0.000698,0.5,,0,,0,,0,-0.000953,0.75,-0.001209,1,-0.00126,0.91,-0.001106,0.87,-0.001004,0.75,,0,,0,,0
2017-08-14,,0,-0.001362,1,-0.00103,1,-0.000928,1,,0,,0,,0,,0,-0.001183,0.68,-0.001157,1,-0.001081,1,-0.000366,1,-0.000468,0.5,,0,,0,,0,-0.000877,0.75,-0.001157,1,-0.001157,1,-0.001132,0.96,-0.000979,0.75,,0,,0,,0
2017-08-21,,0,-0.001311,1,-0.000979,1,-0.00126,1,,0,,0,,0,-0.002,1,-0.000851,0.68,-0.000902,1,-0.000902,1,-0.000979,1,-0.000749,0.5,,0,,0,,0,-0.000928,0.76,-0.000928,1,-0.000953,1,-0.001004,0.97,-0.000902,0.8,-0.002,0.04,,0,,0
2017-08-28,,0,-0.001362,1,-0.001311,1,-0.00126,1,,0,,0,,0,,0,-0.001183,0.68,-0.001081,0.95,-0.001157,0.85,-0.001106,1,-0.00103,0.44,,0,,0,,0,-0.001055,0.72,-0.001234,0.77,-0.00126,0.66,-0.001234,0.82,-0.001132,0.74,,0,,0,,0
2017-09-04,,0,-0.002,1,-0.002,1,-0.002,1,,0,,0,,0,,0,-0.002,0.73,-0.00126,1,-0.001132,1,-0.001106,1,-0.002,0.5,,0,,0,,0,-0.001413,0.76,-0.001157,1,-0.001081,1,-0.001183,1,-0.001081,0.75,,0,,0,,0
2017-09-11,,0,-0.002,1,-0.00103,1,-0.000979,1,,0,,0,,0,,0,-0.001821,0.68,-0.001285,0.95,-0.00103,0.75,-0.00126,0.95,-0.000136,0.44,,0,,0,,0,-0.001055,0.35,-0.000979,0.72,-0.001106,0.32,-0.001234,0.16,-0.001209,0.43,,0,,0,,0
2017-09-18,,0,-0.001847,1,-0.001438,1,-0.001796,1,,0,,0,,0,,0,-0.00177,0.73,-0.00177,1,-0.001209,1,-0.001566,1,-0.001336,0.5,,0,,0,,0,-0.001311,0.78,-0.001055,1,-0.001362,1,-0.001311,1,-0.001157,0.75,,0,,0,,0
2017-09-25,,0,-0.001285,1,-0.001438,1,-0.00126,1,,0,,0,,0,,0,-0.001157,0.68,-0.00126,1,-0.001285,1,-0.001234,0.95,-0.000851,0.5,,0,,0,,0,-0.001004,0.72,-0.001336,0.94,-0.001132,0.97,-0.001081,0.94,-0.001183,0.75,,0,,0,,0
2017-10-02,,0,-0.001362,1,-0.001362,1,-0.000774,1,,0,,0,,0,,0,-0.00154,0.68,-0.001362,1,-0.001055,1,-0.001209,1,-0.001311,0.5,,0,,0,,0,-0.001285,0.75,-0.001132,1,-0.000979,1,-0.001081,0.99,-0.001285,0.72,,0,,0,,0
2017-10-09,,0,-0.002,1,-0.002,1,-0.002,1,,0,,0,,0,-0.002,1,-0.002,0.64,-0.001643,1,-0.001336,1,-0.001489,1,-0.002,0.5,,0,,0,,0,-0.001898,0.78,-0.001234,0.98,-0.001055,1,-0.001311,0.94,-0.001311,0.81,-0.002,0.02,,0,,0
2017-10-16,-0.002,0.5,-0.002,1,-0.001923,1,-0.002,1,,0,,0,,0,-0.002,1,-0.001719,0.68,-0.001132,1,-0.001336,0.95,-0.000928,1,-0.00103,0.5,,0,,0,,0,-0.001464,0.78,-0.001183,0.94,-0.001183,0.95,-0.001106,0.88,-0.001515,0.77,-0.002,0.02,,0,,0
2017-10-23,,0,-0.0008,1,-0.000519,1,-0.001004,1,,0,,0,,0,-0.002,1,-0.000902,0.68,-0.000647,1,-0.000647,1,-0.000902,1,-0.000902,0.5,,0,,0,-0.002,0.11,-0.001132,0.76,-0.000826,1,-0.000698,1,-0.000774,1,-0.001387,0.83,-0.002,0.02,,0,,0
2017-10-30,,0,-0.002,1,-0.002,1,-0.002,1,,0,,0,,0,,0,-0.000519,0.73,-0.000596,1,-0.000851,1,-0.0008,1,-0.000851,0.5,,0,,0,,0,-0.000187,0.78,-0.000519,1,-0.000672,1,-0.000774,1,-0.000851,0.77,,0,,0,,0
2017-11-06,,0,-0.002,1,-0.001489,1,-0.001566,1,,0,,0,,0,,0,-0.000774,0.68,-0.00103,1,-0.000979,1,-0.000009,1,-0.000545,0.5,,0,,0,,0,-0.000877,0.75,-0.001081,1,-0.001106,1,-0.000902,1,-0.000749,0.75,,0,,0,,0
2017-11-13,,0,-0.002,1,-0.00154,0.67,-0.001464,1,,0,,0,,0,,0,-0.001489,0.59,-0.001566,0.57,-0.001336,0.6,-0.001336,0.3,-0.001464,0.28,,0,,0,,0,-0.001387,0.65,-0.001464,0.4,-0.001285,0.49,-0.00126,0.46,-0.001004,0.09,,0,,0,,0
2017-11-20,,0,-0.002,1,-0.001489,1,-0.001489,1,,0,,0,,0,-0.002,0.5,-0.001566,0.68,-0.001413,1,-0.001234,1,-0.001183,1,0.000094,0.5,,0,,0,-0.002,0.05,-0.001413,0.78,-0.001183,1,-0.001106,1,-0.001183,0.96,-0.001183,0.7,-0.002,0.02,,0,,0
2017-11-27,,0,-0.002,1,-0.001923,1,-0.002,1,,0,,0,,0,-0.002,1,-0.002,0.73,-0.001234,1,-0.000979,1,-0.00103,1,-0.000034,0.5,,0,,0,,0,-0.001209,0.78,-0.000723,1,-0.000774,1,-0.0008,1,-0.001157,0.78,-0.002,0.02,,0,,0
2017-12-04,,0,-0.001438,1,-0.001106,1,-0.00103,1,,0,,0,,0,-0.002,0.5,-0.00103,0.73,-0.000672,1,-0.000749,1,-0.000723,1,-0.000085,0.5,,0,,0,,0,-0.000774,0.76,-0.000698,1,-0.000749,1,-0.000749,1,-0.00057,0.78,-0.002,0.02,,0,,0
2017-12-11,,0,-0.002,1,-0.002,1,-0.001923,1,,0,,0,,0,-0.002,1,-0.002,0.64,-0.001847,1,-0.001668,1,-0.001617,1,-0.001643,0.44,,0,,0,,0,-0.002,0.75,-0.000162,1,-0.000468,1,-0.00057,1,-0.001464,0.64,,0,,0,,0
2017-12-18,,0,-0.002,0.5,,0,,0,,0,,0,,0,,0,-0.002,0.68,-0.002,0.48,-0.002,0.45,,0,,0,,0,,0,,0,-0.002,0.34,-0.000928,0.42,-0.001004,0.28,-0.001464,0.12,-0.002,0.16,-0.002,0.02,,0,,0
2017-12-25,,0,-0.002,1,-0.002,1,-0.002,1,,0,,0,,0,,0,-0.002,0.68,-0.001745,0.9,-0.001668,1,-0.00177,0.85,-0.002,0.5,,0,,0,,0,-0.00126,0.71,-0.001387,0.68,-0.001311,0.65,-0.001489,0.84,-0.001668,0.52,-0.002,0.02,,0,,0
2018-01-01,,0,,0,,0,,0,,0,,0,,0,,0,,0,-0.001872,0.33,-0.001643,0.35,,0,-0.002,0.06,,0,,0,,0,-0.001974,0.03,-0.002,0.15,-0.001566,0.66,-0.002,0.49,-0.002,0.41,,0,,0,,0
2018-01-08,,0,-0.002,1,-0.002,1,-0.002,1,,0,,0,,0,,0,-0.002,0.59,-0.002,0.76,-0.002,0.65,-0.001796,0.45,-0.002,0.5,,0,,0,,0,-0.001745,0.54,-0.000749,1,-0.000826,0.98,-0.000826,0.9,-0.001694,0.51,,0,,0,,0
2018-01-15,,0,-0.002,1,-0.002,1,-0.002,1,,0,,0,,0,-0.002,0.5,-0.002,0.59,-0.002,1,-0.001974,1,-0.001694,0.7,-0.002,0.5,,0,,0,,0,-0.001847,0.72,-0.000979,1,-0.000902,1,-0.0008,1,-0.00154,0.72,-0.002,0.02,,0,,0
2018-01-22,,0,-0.002,1,-0.002,1,-0.002,1,,0,,0,,0,-0.002,0.5,-0.002,0.5,-0.002,0.52,-0.001387,0.95,-0.001796,0.55,-0.002,0.5,,0,,0,,0,-0.001898,0.44,-0.001285,0.91,-0.001157,0.54,-0.000902,0.43,-0.002,0.32,-0.002,0.02,,0,,0
2018-01-29,,0,-0.002,1,-0.002,1,-0.002,1,,0,,0,,0,,0,-0.002,0.5,-0.001566,0.57,-0.001183,0.6,-0.002,0.2,-0.002,0.39,,0,,0,,0,-0.001004,0.53,-0.000979,0.74,-0.00103,0.31,-0.0008,0.15,-0.001489,0.57,-0.002,0.02,,0,,0
2018-02-05,-0.002,0.5,-0.002,1,-0.002,1,-0.002,1,,0,,0,,0,,0,-0.002,0.45,-0.001617,0.43,-0.002,0.5,-0.001847,0.35,-0.002,0.44,,0,,0,,0,-0.001234,0.53,-0.000953,0.22,-0.001183,0.4,-0.001438,0.25,-0.001591,0.57,,0,,0,,0
2018-02-12,,0,-0.002,0.5,-0.002,1,-0.002,0.5,,0,,0,,0,,0,-0.002,0.5,-0.001745,0.76,-0.001617,0.65,-0.001949,0.2,-0.002,0.11,,0,,0,,0,-0.001617,0.38,-0.001438,0.34,-0.001796,0.32,-0.001387,0.04,-0.00177,0.13,,0,,0,,0
2018-02-19,,0,-0.002,1,-0.002,1,-0.002,1,,0,,0,,0,,0,-0.002,0.68,-0.001106,0.95,-0.001106,1,-0.001183,0.9,-0.002,0.5,,0,,0,,0,-0.001336,0.74,-0.000953,1,-0.000953,1,-0.000953,1,-0.001209,0.74,,0,,0,,0
2018-02-26,,0,-0.002,1,-0.002,1,-0.002,1,,0,,0,,0,,0,-0.002,0.55,-0.002,0.86,-0.001209,1,-0.001285,1,-0.002,0.5,,0,,0,,0,-0.002,0.75,-0.00126,1,-0.001183,1,-0.001183,0.99,-0.00154,0.7,,0,,0,,0
2018-03-05,,0,-0.002,1,-0.002,1,-0.002,1,,0,,0,,0,,0,-0.001413,0.64,-0.001336,1,-0.001311,1,-0.001413,1,-0.002,0.5,,0,,0,,0,-0.001464,0.75,-0.001209,1,-0.001311,1,-0.001311,1,-0.001285,0.75,,0,,0,,0
2018-03-12,,0,-0.002,1,-0.001643,1,-0.001847,1,,0,,0,,0,,0,-0.00154,0.64,-0.001157,1,-0.001055,1,-0.001004,1,-0.001694,0.5,,0,,0,,0,-0.001055,0.75,-0.000979,0.98,-0.001106,0.85,-0.001234,0.49,-0.001694,0.65,,0,,0,,0
2018-03-19,,0,-0.002,1,-0.002,1,-0.002,1,,0,,0,,0,,0,-0.002,0.59,-0.002,0.76,-0.001872,0.7,-0.002,0.8,-0.001796,0.39,,0,,0,,0,-0.001821,0.49,-0.001821,0.66,-0.001872,0.69,-0.001898,0.71,-0.002,0.58,,0,,0,,0
2018-03-26,,0,-0.000979,1,-0.000749,1,-0.000391,1,,0,,0,,0,,0,-0.000928,0.68,-0.000953,1,-0.001081,1,-0.000391,1,-0.000545,0.5,,0,,0,,0,-0.000749,0.75,-0.00103,1,-0.001081,1,-0.001157,1,-0.001106,0.75,,0,,0,,0
2018-04-02,,0,-0.002,1,-0.001362,1,-0.001157,1,,0,,0,,0,,0,-0.001157,0.64,-0.001209,1,-0.0008,1,-0.000749,1,-0.000774,0.5,,0,,0,,0,-0.000621,0.6,-0.000979,1,-0.000928,1,-0.000774,1,-0.000647,0.75,,0,,0,,0
2018-04-09,,0,,0,-0.002,0.67,-0.001949,0.5,,0,,0,,0,,0,-0.001949,0.05,-0.001821,0.67,-0.001591,1,-0.001591,1,-0.001694,0.28,,0,,0,,0,-0.001643,0.25,-0.001515,0.89,-0.001515,1,-0.001668,1,-0.001617,0.68,,0,,0,,0
2018-04-16,,0,-0.000979,1,-0.001464,1,-0.000723,1,,0,,0,,0,,0,-0.00103,0.68,-0.001157,1,-0.00103,1,-0.000826,1,-0.000979,0.44,,0,,0,,0,-0.000468,0.76,-0.000902,1,-0.000979,1,-0.000851,1,-0.001362,0.75,,0,,0,,0
2018-04-23,,0,-0.002,1,-0.002,1,-0.002,0.5,,0,,0,,0,,0,-0.001668,0.64,-0.00154,1,-0.001413,1,-0.001489,1,-0.002,0.33,,0,,0,,0,-0.001413,0.75,-0.001209,1,-0.000928,1,-0.001081,1,-0.001464,0.72,,0,,0,,0
2018-04-30,,0,-0.001464,1,-0.001438,1,-0.001387,1,,0,,0,,0,,0,-0.001209,0.68,-0.001234,1,-0.001336,1,-0.001336,1,-0.000877,0.5,,0,,0,,0,-0.000672,0.75,-0.001055,1,-0.001106,1,-0.001413,1,-0.001464,0.75,,0,,0,,0
2018-05-07,,0,-0.001209,1,-0.001081,1,-0.002,1,,0,,0,,0,,0,0.000298,0.68,-0.00057,1,-0.001004,0.95,-0.0008,0.85,-0.00126,0.33,,0,,0,,0,0.000732,0.75,-0.000979,1,-0.001106,0.95,-0.000902,0.28,-0.000928,0.57,,0,,0,,0
2018-05-14,,0,-0.000596,1,-0.000774,1,-0.000902,1,,0,,0,,0,,0,-0.000519,0.68,-0.000774,1,-0.000826,1,-0.000672,1,-0.000647,0.44,,0,,0,,0,-0.000647,0.75,-0.001157,1,-0.000979,1,-0.000979,1,-0.000723,0.75,,0,,0,,0
2018-05-21,,0,-0.001974,1,-0.000647,1,-0.000443,1,,0,,0,,0,,0,-0.000902,0.64,-0.000877,1,-0.000672,1,-0.00034,1,-0.000366,0.5,,0,,0,,0,-0.000417,0.76,-0.00103,1,-0.001106,1,-0.000979,1,-0.0008,0.75,,0,,0,,0
2018-05-28,,0,-0.000902,1,-0.000723,1,-0.000698,1,,0,,0,,0,,0,-0.0008,0.68,-0.000979,1,-0.000826,1,-0.000494,1,-0.000545,0.44,,0,,0,,0,-0.00057,0.76,-0.00103,1,-0.000928,1,-0.000877,1,-0.000877,0.77,-0.002,0.02,,0,,0
2018-06-04,,0,-0.001234,1,-0.000391,1,-0.000391,1,,0,,0,,0,,0,-0.000417,0.68,-0.000391,1,-0.000136,1,-0.000034,1,-0.000289,0.5,,0,,0,,0,-0.000162,0.75,-0.001004,1,-0.000979,1,-0.000953,1,-0.000928,0.75,,0,,0,,0
2018-06-11,,0,-0.001285,1,-0.00126,1,-0.001209,1,,0,,0,,0,,0,-0.001209,0.68,-0.001132,1,-0.001081,1,-0.001055,1,-0.001209,0.5,,0,,0,,0,-0.000953,0.75,-0.001055,0.98,-0.001132,1,-0.001106,1,-0.001157,0.75,,0,,0,,0
2018-06-18,,0,-0.002,1,-0.001591,1,-0.001311,1,,0,,0,,0,,0,-0.001387,0.68,-0.00126,1,-0.001234,1,-0.001132,1,-0.000162,0.5,,0,,0,,0,-0.001132,0.75,-0.001157,0.98,-0.001183,0.98,-0.001157,0.97,-0.001004,0.75,,0,,0,,0
2018-06-25,,0,-0.001566,1,-0.001362,1,-0.001157,1,,0,,0,,0,,0,-0.00177,0.73,-0.001387,1,-0.001336,1,-0.001336,0.95,-0.001489,0.44,,0,,0,,0,-0.001387,0.75,-0.001311,1,-0.00126,0.89,-0.001183,0.93,-0.001157,0.74,,0,,0,,0
2018-07-02,,0,-0.002,1,-0.001413,1,-0.001694,1,,0,,0,,0,,0,-0.001081,0.64,-0.001234,1,-0.001132,1,-0.001081,1,-0.001183,0.44,,0,,0,,0,-0.001106,0.75,-0.001132,1,-0.00126,0.97,-0.001209,0.99,-0.001209,0.75,,0,,0,,0
2018-07-09,,0,-0.002,1,-0.001183,0.67,-0.001209,1,,0,,0,,0,,0,-0.0008,0.55,-0.001387,1,-0.00126,1,-0.001285,0.95,-0.000877,0.5,,0,,0,,0,-0.000519,0.75,-0.001362,0.88,-0.001285,1,-0.001234,0.97,-0.001234,0.77,,0,,0,,0
2018-07-16,,0,-0.000851,1,-0.000647,1,-0.000366,1,,0,,0,,0,,0,-0.000085,0.68,-0.000928,1,-0.0008,1,-0.00057,1,-0.000289,0.44,,0,,0,,0,-0.00034,0.75,-0.001106,1,-0.001157,1,-0.001055,0.99,-0.000826,0.74,,0,,0,,0
2018-07-23,,0,-0.001055,1,-0.000494,1,-0.000672,1,,0,,0,,0,,0,0.000477,0.68,-0.001004,1,-0.001081,1,-0.0008,1,-0.000391,0.5,,0,,0,,0,0.000757,0.75,-0.001157,1,-0.001183,1,-0.001132,1,-0.001081,0.75,,0,,0,,0
2018-07-30,,0,-0.001004,1,-0.001285,1,-0.001004,1,,0,,0,,0,,0,-0.000979,0.68,-0.001183,1,-0.001387,1,-0.001081,1,-0.0008,0.44,,0,,0,,0,-0.00057,0.76,-0.00126,1,-0.001413,0.98,-0.001438,1,-0.001285,0.75,,0,,0,,0
2018-08-06,,0,-0.001157,1,-0.001055,1,-0.000928,1,,0,,0,,0,,0,-0.000723,0.68,-0.001387,1,-0.001336,1,-0.001209,1,-0.000723,0.5,,0,,0,,0,-0.000698,0.72,-0.001336,0.88,-0.001362,0.78,-0.00126,0.91,-0.001081,0.75,,0,,0,,0
2018-08-14,,0,-0.002,1,-0.001617,1,-0.001566,1,,0,,0,,0,,0,-0.000826,0.64,-0.00126,0.95,-0.001234,1,-0.001081,1,-0.001183,0.44,,0,,0,,0,-0.000468,0.75,-0.00177,0.82,-0.001413,0.97,-0.001387,0.96,-0.001438,0.75,,0,,0,,0
2018-08-21,,0,-0.001464,1,-0.001004,1,-0.00103,1,,0,,0,,0,,0,-0.001004,0.73,-0.001132,1,-0.001157,1,-0.00103,1,-0.000928,0.5,,0,,0,,0,-0.000621,0.76,-0.001106,0.98,-0.001081,1,-0.001209,1,-0.001157,0.75,,0,,0,,0
2018-08-28,-0.002,0.5,-0.001464,1,-0.001106,1,-0.001157,1,,0,,0,,0,,0,-0.001157,0.73,-0.001081,1,-0.001157,1,-0.001209,1,-0.000953,0.5,,0,,0,,0,-0.0008,0.76,-0.001209,1,-0.001285,1,-0.001157,1,-0.001055,0.75,,0,,0,,0
2018-09-04,,0,-0.001209,1,-0.001438,1,-0.001668,1,,0,,0,,0,,0,-0.001438,0.68,-0.001362,1,-0.001438,1,-0.001285,1,-0.0008,0.5,,0,,0,,0,-0.001106,0.74,-0.001413,0.43,-0.001336,0.85,-0.001336,0.97,-0.001183,0.77,,0,,0,,0
2018-09-11,,0,-0.001336,1,-0.000749,1,-0.000979,1,,0,,0,,0,,0,-0.001438,0.68,-0.001209,0.9,-0.00126,0.9,-0.0008,0.95,-0.000979,0.44,,0,,0,,0,-0.00126,0.68,-0.001209,0.54,-0.00126,0.43,-0.001234,0.68,-0.001106,0.67,,0,,0,,0
2018-09-18,,0,-0.002,1,-0.001898,1,-0.001617,1,,0,,0,,0,,0,-0.001643,0.45,-0.001336,0.76,-0.00126,1,-0.001234,1,-0.001285,0.5,,0,,0,,0,-0.001438,0.53,-0.001285,0.91,-0.001209,0.89,-0.001234,0.91,-0.00126,0.77,-0.002,0.02,,0,,0
2018-09-25,,0,-0.002,1,-0.001923,1,-0.002,1,,0,,0,,0,,0,-0.001489,0.73,-0.001336,1,-0.001311,1,-0.00126,0.85,-0.0008,0.5,,0,,0,,0,-0.000443,0.74,-0.001413,0.91,-0.001362,0.69,-0.001387,0.96,-0.001004,0.75,,0,,0,,0
2018-10-02,,0,-0.001872,1,-0.001413,1,-0.001566,1,,0,,0,,0,,0,-0.00126,0.68,-0.001209,1,-0.001055,1,-0.001132,1,-0.000826,0.5,,0,,0,,0,-0.001209,0.72,-0.001362,0.71,-0.001234,0.74,-0.001336,0.54,-0.001209,0.74,-0.002,0.02,,0,,0
2018-10-09,,0,-0.001362,1,-0.001055,1,-0.00126,1,,0,,0,,0,,0,-0.000264,0.73,-0.001081,1,-0.000468,1,-0.000877,1,-0.001004,0.5,,0,,0,,0,-0.00034,0.76,-0.000902,1,-0.001055,1,-0.000902,1,-0.000928,0.78,-0.002,0.02,,0,,0
2018-10-16,,0,-0.001285,1,-0.001362,1,-0.001285,1,,0,,0,,0,,0,-0.001591,0.77,-0.001464,1,-0.001387,1,-0.001183,1,-0.001311,0.5,,0,,0,,0,-0.001515,0.76,-0.001132,1,-0.001209,1,-0.001132,1,-0.001209,0.78,-0.002,0.02,,0,,0
2018-10-23,,0,,0,,0,,0,,0,,0,,0,,0,,0,,0,,0,,0,,0,,0,,0,,0,,0,,0,,0,,0,,0,,0,,0,,0
2018-10-30,,0,-0.002,1,-0.002,1,-0.002,1,,0,,0,,0,-0.002,1,-0.002,0.73,-0.002,1,-0.001591,1,-0.002,1,-0.002,0.5,,0,,0,-0.002,0.05,-0.002,0.78,-0.001055,1,-0.00103,1,-0.001081,1,-0.002,0.83,-0.002,0.02,,0,,0
2018-11-06,,0,-0.001974,1,-0.001821,1,-0.001745,1,,0,,0,,0,,0,-0.001464,0.68,-0.001438,1,-0.001464,1,-0.001617,1,-0.001311,0.5,,0,,0,,0,-0.001387,0.76,-0.001055,1,-0.001183,1,-0.001515,0.82,-0.001489,0.74,,0,,0,,0
2018-11-13,,0,-0.00177,1,-0.001745,1,-0.002,1,,0,,0,,0,,0,-0.001566,0.68,-0.001694,1,-0.000877,1,-0.001515,1,-0.001821,0.5,,0,,0,,0,-0.001694,0.71,-0.001515,1,-0.001591,0.98,-0.001489,0.78,-0.001796,0.75,,0,,0,,0
2018-11-20,,0,-0.002,1,-0.002,1,-0.002,1,,0,,0,,0,-0.002,1,-0.002,0.73,-0.002,1,-0.001923,0.95,-0.002,0.9,-0.002,0.5,,0,,0,-0.002,0.05,-0.002,0.74,-0.000723,0.78,-0.000851,1,-0.001132,0.96,-0.002,0.8,-0.002,0.02,,0,,0
2018-11-27,,0,-0.002,1,-0.002,1,-0.002,1,,0,,0,,0,,0,-0.002,0.55,-0.002,0.86,-0.002,0.8,-0.002,0.75,-0.002,0.5,,0,,0,,0,-0.002,0.72,-0.001362,0.51,-0.001183,0.85,-0.001183,0.44,-0.00177,0.58,,0,,0,,0
2018-12-04,,0,-0.001974,1,-0.001694,1,-0.001847,1,,0,,0,,0,,0,-0.002,0.64,-0.001719,0.62,-0.001719,0.5,-0.001719,0.25,-0.002,0.39,,0,,0,,0,-0.001668,0.54,-0.001566,0.98,-0.002,0.89,-0.002,0.79,-0.002,0.55,-0.002,0.02,,0,,0
2018-12-11,,0,-0.002,1,-0.002,1,-0.001872,1,,0,,0,,0,,0,-0.002,0.59,-0.002,0.33,-0.001872,0.25,-0.001668,0.5,-0.001617,0.5,,0,,0,,0,-0.002,0.41,,0,-0.001668,0.18,-0.001617,0.34,-0.001285,0.75,,0,,0,,0
2018-12-19,,0,-0.001209,1,-0.000902,1,-0.000851,1,,0,,0,,0,-0.002,1,-0.000621,0.68,-0.001234,1,-0.001668,1,-0.001132,1,-0.000213,0.5,,0,,0,,0,-0.001183,0.76,-0.000979,1,-0.001157,1,-0.00103,1,-0.000953,0.8,-0.002,0.02,,0,,0
2019-01-01,,0,,0,,0,,0,,0,,0,,0,,0,,0,,0,,0,,0,,0,,0,,0,,0,,0,,0,,0,,0,,0,,0,,0,,0
2019-01-08,,0,-0.002,1,-0.002,1,-0.002,1,,0,,0,,0,-0.002,0.5,-0.002,0.64,-0.002,0.81,-0.001949,1,-0.002,0.75,-0.002,0.5,,0,,0,,0,-0.002,0.65,-0.001055,0.98,-0.001106,0.98,-0.001004,0.9,-0.001617,0.77,-0.002,0.02,,0,,0
2019-01-15,0.004,0.5,-0.001617,1,-0.001515,1,-0.001643,1,,0,,0,,0,-0.002,1,-0.001821,0.59,-0.002,0.76,-0.002,0.9,-0.002,0.8,-0.001923,0.5,,0,,0,,0,-0.002,0.62,-0.001923,0.92,-0.001821,0.89,-0.00154,0.85,-0.001694,0.77,-0.002,0.02,,0,,0
2019-01-22,-0.002,0.5,-0.001489,1,-0.001004,1,-0.001081,1,,0,,0,,0,,0,-0.001157,0.68,-0.000928,1,-0.000826,1,-0.000826,1,-0.000494,0.5,,0,,0,,0,-0.000647,0.76,-0.000826,1,-0.000953,1,-0.000851,1,-0.000723,0.67,,0,,0,,0
2019-01-29,,0,-0.001949,1,-0.001617,1,-0.001464,1,,0,,0,,0,,0,-0.001311,0.64,-0.00126,1,-0.00103,0.6,-0.001157,0.65,-0.001336,0.44,,0,,0,,0,-0.001209,0.76,-0.001132,1,-0.001183,0.98,-0.001183,0.94,-0.001336,0.55,,0,,0,,0
2019-02-05,,0,-0.002,1,-0.002,1,-0.002,1,,0,,0,,0,,0,-0.002,0.59,-0.001821,0.95,-0.002,1,-0.001898,1,-0.002,0.5,,0,,0,,0,-0.002,0.19,-0.001515,0.97,-0.001489,1,-0.001515,1,-0.001694,0.75,-0.002,0.02,,0,,0
2019-02-12,,0,-0.002,0.5,-0.002,0.67,-0.002,1,,0,,0,,0,,0,-0.002,0.55,-0.002,1,-0.002,1,-0.002,1,-0.002,0.44,,0,,0,,0,-0.002,0.66,-0.002,0.97,-0.002,0.71,-0.002,0.88,-0.002,0.75,,0,,0,,0
2019-02-19,,0,-0.001668,1,-0.001515,1,-0.001515,1,,0,,0,,0,,0,-0.000085,0.5,-0.002,0.52,-0.001719,0.85,-0.001974,1,0.000426,0.44,,0,,0,,0,-0.001719,0.41,-0.001847,0.52,-0.002,0.69,-0.001515,0.76,-0.001796,0.61,,0,,0,,0
2019-02-26,,0,,0,,0,,0,,0,,0,,0,,0,-0.002,0.05,-0.002,0.1,-0.002,0.05,-0.002,0.15,-0.001515,0.44,,0,,0,,0,-0.001847,0.24,-0.00154,0.2,-0.001617,0.23,-0.001643,0.76,-0.001898,0.48,,0,,0,,0
2019-03-05,,0,-0.002,1,-0.002,1,-0.002,1,,0,,0,,0,,0,-0.002,0.18,-0.002,0.86,-0.002,1,-0.002,1,-0.002,0.5,,0,,0,,0,-0.002,0.21,-0.002,0.38,-0.001464,0.89,-0.001387,1,-0.001923,0.75,,0,,0,,0
2019-03-12,,0,,0,,0,,0,,0,,0,,0,,0,,0,-0.002,0.1,-0.002,0.3,-0.002,0.3,-0.002,0.06,,0,,0,,0,-0.002,0.16,-0.002,0.43,-0.002,0.17,-0.002,0.32,-0.002,0.51,,0,,0,,0
2019-03-19,,0,-0.002,0.5,,0,,0,,0,,0,,0,,0,-0.002,0.14,-0.002,0.1,,0,-0.002,0.05,-0.002,0.11,,0,,0,,0,,0,,0,-0.001898,0.26,-0.001847,0.66,-0.002,0.61,,0,,0,,0
2019-03-26,,0,,0,-0.001796,1,-0.002,1,,0,,0,,0,,0,-0.002,0.55,-0.002,1,-0.001974,1,-0.00177,1,-0.001821,0.5,,0,,0,,0,-0.002,0.75,-0.001413,1,-0.001413,0.98,-0.001234,0.97,-0.002,0.65,,0,,0,,0
2019-04-02,,0,-0.001234,1,-0.000851,1,-0.000979,1,,0,,0,,0,,0,-0.001132,0.68,-0.00177,1,-0.001821,0.95,-0.001209,1,-0.000443,0.5,,0,,0,,0,-0.001387,0.75,-0.001336,0.98,-0.001183,0.69,-0.001362,0.62,-0.001183,0.71,,0,,0,,0
2019-04-09,,0,-0.0008,1,-0.0008,1,-0.000851,1,,0,,0,,0,,0,0.000502,0.68,-0.001055,1,-0.001081,1,-0.0008,1,-0.000213,0.5,,0,,0,,0,-0.000723,0.75,-0.001183,1,-0.001234,1,-0.001106,1,-0.000621,0.78,-0.002,0.02,,0,,0
2019-04-16,,0,-0.000877,1,-0.001055,1,-0.001157,1,,0,,0,,0,,0,-0.000621,0.73,-0.001157,1,-0.001285,1,-0.000851,1,-0.000187,0.5,,0,,0,,0,-0.000494,0.76,-0.000774,1,-0.000851,1,-0.001157,1,-0.000851,0.75,,0,,0,,0
2019-04-23,,0,-0.001311,1,-0.001234,1,-0.001081,1,,0,,0,,0,,0,-0.000366,0.73,-0.001336,1,-0.00126,1,-0.000698,1,-0.000366,0.5,,0,,0,,0,-0.000417,0.75,-0.001055,1,-0.001183,1,-0.001106,1,-0.001055,0.75,,0,,0,,0
2019-04-30,,0,-0.000672,1,-0.000136,1,-0.000366,1,,0,,0,,0,,0,-0.000391,0.64,-0.000289,0.95,-0.001055,1,-0.000519,1,-0.000034,0.44,,0,,0,,0,-0.0008,0.75,-0.001643,0.98,-0.001591,0.72,-0.001438,0.84,-0.001055,0.74,,0,,0,,0
2019-05-07,,0,,0,-0.00177,0.67,-0.001668,0.5,,0,,0,,0,,0,-0.001796,0.05,-0.001796,0.57,-0.001898,1,-0.001694,1,-0.001745,0.22,,0,,0,,0,-0.00154,0.06,-0.001974,0.29,-0.001821,0.98,-0.001796,1,-0.001515,0.72,,0,,0,,0
2019-05-14,,0,,0,,0,,0,,0,,0,,0,,0,-0.002,0.14,-0.002,0.05,-0.002,0.25,,0,,0,,0,,0,,0,-0.002,0.01,-0.002,0.26,-0.002,0.15,,0,,0,,0,,0,,0
2019-05-21,,0,-0.002,1,-0.001362,1,-0.001004,1,,0,,0,,0,,0,-0.001106,0.64,-0.00154,0.95,-0.001387,1,-0.000877,1,0.000579,0.5,,0,,0,,0,-0.0008,0.72,-0.001668,0.58,-0.00177,0.45,-0.001413,0.84,-0.001157,0.75,,0,,0,,0
2019-05-28,,0,-0.00177,1,-0.001515,1,-0.001591,1,,0,,0,,0,,0,-0.001387,0.68,-0.001336,1,-0.001311,1,-0.001157,1,-0.00126,0.44,,0,,0,,0,-0.001438,0.76,-0.001413,1,-0.001311,1,-0.001209,1,-0.001157,0.75,,0,,0,,0
2019-06-04,,0,-0.001362,1,-0.001464,1,-0.001234,1,,0,,0,,0,,0,-0.001004,0.73,-0.001464,1,-0.001489,0.95,-0.001438,1,-0.000877,0.5,,0,,0,,0,-0.000979,0.75,-0.001413,0.98,-0.001362,0.98,-0.001362,0.97,-0.001311,0.72,,0,,0,,0
2019-06-11,,0,-0.002,1,-0.001898,1,-0.001489,1,,0,,0,,0,,0,-0.00154,0.73,-0.001591,1,-0.001591,1,-0.001489,1,-0.001055,0.44,,0,,0,,0,-0.001234,0.75,-0.001515,1,-0.001566,1,-0.001489,0.87,-0.001438,0.75,,0,,0,,0
2019-06-18,,0,-0.000494,1,-0.000238,1,-0.000494,1,,0,,0,,0,-0.002,1,0.000272,0.68,-0.000928,1,-0.000902,1,-0.00057,1,0.000783,0.44,,0,,0,,0,-0.000698,0.75,-0.001081,1,-0.001055,1,-0.001183,0.99,-0.000826,0.75,-0.002,0.02,,0,,0
2019-06-25,,0,-0.00177,1,-0.001515,1,-0.002,1,,0,,0,,0,,0,-0.000749,0.64,-0.001413,1,-0.001591,1,-0.001515,1,-0.00177,0.44,,0,,0,,0,-0.000774,0.75,-0.001413,0.92,-0.001566,0.91,-0.001694,0.87,-0.001617,0.74,,0,,0,,0
2019-07-02,,0,,0,-0.001183,1,,0,,0,,0,,0,,0,-0.001336,0.23,-0.001591,0.48,-0.001413,0.6,-0.000545,0.3,-0.000826,0.17,,0,,0,,0,-0.001745,0.46,-0.001668,0.02,-0.001157,0.09,-0.00154,0.25,-0.000826,0.2,,0,,0,,0
2019-07-09,,0,-0.001489,1,-0.00103,1,-0.000928,1,,0,,0,,0,,0,-0.001157,0.64,-0.001132,1,-0.001106,1,-0.000826,1,-0.000596,0.5,,0,,0,,0,-0.000519,0.75,-0.000979,0.97,-0.001106,1,-0.001004,1,-0.000953,0.75,,0,,0,,0
2019-07-16,,0,-0.000468,1,-0.00034,1,-0.001796,1,,0,,0,,0,,0,-0.000366,0.68,-0.001183,1,-0.001209,1,-0.001209,1,-0.001234,0.5,,0,,0,,0,-0.001081,0.75,-0.001055,1,-0.001132,0.98,-0.001183,0.91,-0.001157,0.75,,0,,0,,0
2019-07-23,,0,-0.00154,1,-0.001157,1,-0.002,1,,0,,0,,0,,0,-0.001055,0.64,-0.001132,1,-0.001081,1,-0.001132,1,-0.001438,0.5,,0,,0,,0,-0.000545,0.75,-0.001106,0.97,-0.001081,0.97,-0.001055,0.96,-0.001081,0.75,,0,,0,,0
2019-07-30,,0,-0.001566,1,-0.000979,1,-0.001336,1,,0,,0,,0,,0,-0.000979,0.68,-0.001311,1,-0.001132,1,-0.001157,0.95,-0.00126,0.5,,0,,0,,0,-0.001132,0.75,-0.001157,1,-0.001336,0.97,-0.001362,0.97,-0.001336,0.75,,0,,0,,0
2019-08-06,,0,-0.00126,1,-0.001157,1,-0.000851,1,,0,,0,,0,,0,-0.001004,0.73,-0.001081,1,-0.00103,1,-0.000902,1,-0.001004,0.5,,0,,0,,0,-0.000953,0.76,-0.001234,1,-0.00126,0.97,-0.001209,1,-0.001106,0.75,,0,,0,,0
2019-08-13,,0,-0.001464,1,-0.000953,1,-0.000723,1,,0,,0,,0,,0,-0.000877,0.68,-0.001081,1,-0.001132,1,-0.000774,1,-0.000443,0.5,,0,,0,,0,-0.000647,0.76,-0.001183,1,-0.001234,1,-0.001081,1,-0.000979,0.75,,0,,0,,0
2019-08-20,,0,-0.001643,1,-0.001285,1,-0.001234,1,,0,,0,,0,,0,-0.001055,0.68,-0.00126,1,-0.001183,1,-0.000979,1,-0.000264,0.44,,0,,0,,0,-0.000494,0.75,-0.001336,1,-0.001362,1,-0.001311,0.97,-0.000621,0.75,,0,,0,,0
2019-08-27,,0,-0.001566,1,-0.001285,1,-0.001081,1,,0,,0,,0,,0,-0.00126,0.68,-0.001336,1,-0.001311,1,-0.000826,1,-0.000519,0.5,,0,,0,,0,-0.000851,0.76,-0.001413,1,-0.001387,0.98,-0.001311,0.99,-0.000953,0.75,,0,,0,,0
2019-09-03,,0,-0.001464,1,-0.001362,1,-0.001285,1,,0,,0,,0,,0,-0.00126,0.64,-0.001336,1,-0.000264,1,-0.001285,0.95,-0.000391,0.5,,0,,0,,0,-0.001106,0.75,-0.001566,0.97,-0.001515,0.55,-0.00126,0.9,-0.000928,0.75,,0,,0,,0
2019-09-10,,0,-0.002,1,-0.002,1,-0.002,1,,0,,0,,0,,0,-0.002,0.68,-0.001387,1,-0.001311,1,-0.001413,1,-0.001898,0.5,,0,,0,,0,-0.001489,0.76,-0.001285,1,-0.001311,1,-0.001157,1,-0.001285,0.77,-0.002,0.02,,0,,0
2019-09-17,,0,-0.001617,1,-0.001949,1,-0.000213,1,,0,,0,,0,-0.002,0.5,-0.001387,0.77,-0.00154,1,-0.001336,1,-0.001106,0.95,-0.000238,0.5,,0,,0,,0,-0.001413,0.71,-0.001489,0.95,-0.001489,0.98,-0.001336,0.71,-0.001157,0.72,,0,,0,,0
2019-09-24,,0,-0.001413,1,-0.001106,1,-0.001694,1,,0,,0,,0,,0,-0.001209,0.68,-0.001132,1,-0.001132,1,-0.001132,1,-0.002,0.5,,0,,0,,0,-0.001209,0.78,-0.00126,1,-0.001209,1,-0.001106,1,-0.000979,0.75,,0,,0,,0
2019-10-01,0.001243,0.5,-0.000826,1,0.000834,1,-0.000953,1,,0,,0,,0,,0,-0.000723,0.68,-0.001183,1,-0.000953,1,-0.000851,1,-0.000723,0.44,,0,,0,,0,-0.000826,0.78,-0.000979,1,-0.001055,1,-0.000851,1,-0.001106,0.77,-0.002,0.02,,0,,0
2019-10-08,,0,-0.001336,1,-0.001387,1,-0.001285,1,,0,,0,,0,,0,-0.001489,0.55,-0.00154,1,-0.001438,1,-0.001209,1,-0.000902,0.5,,0,,0,,0,-0.001209,0.74,-0.001336,1,-0.001234,1,-0.001234,0.96,-0.00126,0.78,-0.002,0.02,,0,,0
2019-10-15,,0,-0.001311,1,-0.000417,1,-0.001311,1,,0,,0,,0,-0.002,0.5,-0.000979,0.68,-0.000774,1,-0.000621,1,-0.001209,1,-0.000417,0.5,,0,,0,-0.002,0.05,-0.000902,0.78,-0.000902,1,-0.000877,1,-0.000877,1,-0.001106,0.78,-0.002,0.02,,0,,0
2019-10-22,,0,-0.002,1,-0.001949,1,-0.002,1,,0,,0,,0,-0.002,0.5,-0.001872,0.68,-0.001923,1,-0.001285,1,-0.001183,0.95,-0.002,0.39,,0,,0,,0,-0.001387,0.75,-0.001311,1,-0.001157,1,-0.001106,0.69,-0.002,0.43,,0,,0,,0
2019-10-29,,0,-0.002,1,-0.002,1,-0.002,1,,0,,0,,0,-0.002,1,-0.002,0.73,-0.002,1,-0.001157,1,-0.002,1,-0.002,0.5,,0,,0,-0.002,0.05,-0.001132,0.78,-0.00103,1,-0.000774,1,-0.000953,1,-0.00126,0.83,-0.002,0.02,,0,,0
2019-11-05,-0.002,0.5,-0.002,1,-0.002,1,-0.002,1,,0,,0,,0,-0.002,1,-0.000953,0.73,-0.002,1,-0.002,1,-0.001923,1,-0.002,0.5,,0,,0,-0.002,0.05,-0.001694,0.78,-0.00126,1,-0.001285,1,-0.001438,0.75,-0.002,0.78,-0.002,0.02,,0,,0
2019-11-12,,0,-0.002,1,-0.002,1,-0.001974,1,,0,,0,,0,-0.002,0.5,-0.001974,0.73,-0.002,1,-0.002,1,-0.001923,1,-0.001362,0.5,,0,,0,,0,-0.001821,0.46,-0.001515,0.48,-0.001157,0.97,-0.001081,1,-0.001643,0.77,-0.002,0.02,,0,,0
2019-11-19,-0.002,0.5,-0.002,1,-0.002,1,-0.002,1,,0,,0,,0,-0.002,1,-0.002,0.64,-0.002,1,-0.002,1,-0.002,0.8,-0.002,0.5,,0,,0,,0,-0.001923,0.65,-0.001387,0.97,-0.001234,1,-0.001311,1,-0.001719,0.8,-0.002,0.02,,0,,0
2019-11-26,,0,-0.001311,1,-0.000672,1,-0.001132,1,,0,,0,,0,-0.002,0.5,-0.001234,0.73,-0.001438,1,-0.001438,1,-0.001362,1,-0.000953,0.5,,0,,0,-0.002,0.05,-0.000672,0.78,-0.001234,1,-0.001157,1,-0.001081,1,-0.001285,0.75,-0.002,0.02,,0,,0
2019-12-03,,0,-0.002,1,-0.002,1,-0.002,1,,0,,0,,0,,0,-0.002,0.73,-0.001566,1,-0.001183,1,-0.001489,1,-0.002,0.5,,0,,0,,0,-0.00154,0.76,-0.001106,1,-0.001183,1,-0.001438,1,-0.001515,0.77,,0,,0,,0
2019-12-10,-0.002,0.5,-0.001821,1,-0.001719,1,-0.001438,1,,0,,0,,0,,0,-0.001694,0.68,-0.001694,1,-0.001489,1,-0.001515,0.95,-0.00103,0.5,,0,,0,,0,-0.001362,0.76,-0.00126,0.95,-0.001489,0.92,-0.001413,0.99,-0.00154,0.75,,0,,0,,0
2019-12-17,-0.002,0.5,-0.002,1,-0.002,1,-0.002,1,,0,,0,,0,-0.002,1,-0.002,0.73,-0.002,1,-0.001949,1,-0.001668,1,-0.002,0.44,,0,,0,-0.002,0.05,-0.002,0.78,-0.00103,1,-0.00103,1,-0.000928,1,-0.001464,0.78,-0.002,0.02,,0,,0
2019-12-24,,0,-0.002,1,-0.002,1,-0.002,1,,0,,0,,0,-0.002,1,-0.002,0.73,-0.001362,0.95,-0.000851,1,-0.001336,0.85,-0.002,0.5,,0,,0,-0.002,0.05,-0.00126,0.76,-0.001055,1,-0.001106,1,-0.001004,0.99,-0.001209,0.78,-0.002,0.02,,0,,0
2019-12-31,,0,-0.002,1,-0.00177,1,-0.00154,1,,0,,0,,0,-0.002,0.5,-0.001694,0.64,-0.001847,0.95,-0.001311,0.75,-0.001132,0.35,-0.000749,0.5,,0,,0,,0,-0.001413,0.63,-0.001209,0.89,-0.001183,0.82,-0.001055,0.75,-0.001106,0.58,-0.002,0.02,,0,,0
2020-01-01,,0,-0.002,1,-0.00177,1,-0.00154,1,,0,,0,,0,-0.002,0.5,-0.001694,0.64,-0.001847,0.95,-0.001311,0.55,-0.001132,0.35,-0.000749,0.5,,0,,0,,0,-0.001413,0.63,-0.001234,0.88,-0.001183,0.69,-0.001081,0.69,-0.001106,0.58,-0.002,0.02,,0,,0
2020-01-08,,0,-0.001055,1,-0.000902,1,-0.000953,1,,0,,0,,0,-0.002,1,0.000681,0.73,-0.00103,1,-0.001004,1,-0.000749,1,-0.000749,0.5,,0,,0,,0,-0.0008,0.76,-0.000979,1,-0.000979,1,-0.000953,1,-0.000928,0.8,-0.002,0.02,,0,,0
2020-01-15,,0,-0.002,1,-0.002,0.67,-0.001694,1,,0,,0,,0,,0,-0.001438,0.64,-0.001464,1,-0.001566,1,-0.001489,1,-0.001362,0.5,,0,,0,,0,-0.001464,0.76,-0.001362,1,-0.001387,1,-0.000723,1,-0.001362,0.75,,0,,0,,0
2020-01-22,,0,,0,,0,,0,,0,,0,,0,,0,-0.000953,0.23,,0,-0.001106,0.45,-0.001336,0.7,-0.001004,0.06,,0,,0,,0,-0.001872,0.72,-0.001081,0.26,-0.001106,0.58,-0.001183,0.72,-0.00103,0.72,,0,,0,,0
2020-01-29,,0,-0.002,1,-0.001949,1,-0.001234,1,,0,,0,,0,,0,-0.002,0.68,-0.002,1,-0.001438,1,-0.001515,1,-0.001081,0.5,,0,,0,,0,-0.001515,0.76,-0.001285,1,-0.001106,1,-0.001132,1,-0.001132,0.75,,0,,0,,0
2020-02-05,,0,-0.001923,1,-0.001387,1,-0.002,1,,0,,0,,0,,0,-0.002,0.68,-0.00154,1,-0.001311,1,-0.00126,1,-0.000545,0.5,,0,,0,,0,-0.001311,0.76,-0.001183,0.98,-0.001055,1,-0.001081,1,-0.001004,0.75,,0,,0,,0
2020-02-12,,0,-0.00154,1,-0.001387,1,-0.001438,1,,0,,0,,0,,0,-0.001387,0.73,-0.001311,1,-0.001234,1,-0.001183,1,-0.001362,0.5,,0,,0,,0,-0.001362,0.76,-0.00126,1,-0.001132,1,-0.001132,1,-0.001183,0.75,,0,,0,,0
2020-02-19,,0,-0.001566,1,-0.001438,1,-0.000851,1,,0,,0,,0,,0,-0.001132,0.73,-0.000928,1,-0.001285,1,-0.001336,1,-0.001132,0.5,,0,,0,,0,-0.001464,0.75,-0.001336,0.8,-0.001413,1,-0.001336,1,-0.001157,0.75,,0,,0,,0
2020-02-26,,0,-0.002,1,-0.002,0.33,,0,,0,,0,,0,,0,-0.002,0.68,-0.002,1,-0.002,0.55,-0.002,0.75,-0.002,0.39,,0,,0,,0,-0.002,0.76,-0.001413,0.95,-0.001489,0.48,-0.001566,0.32,-0.002,0.33,,0,,0,,0
2020-03-04,-0.002,0.5,-0.002,1,-0.001643,1,-0.001362,1,,0,,0,,0,,0,-0.001949,0.73,-0.001745,1,-0.001643,1,-0.001489,1,-0.001591,0.5,,0,,0,,0,-0.001336,0.76,-0.000953,1,-0.00126,0.94,-0.001234,1,-0.00154,0.83,,0,,0,,0
2020-03-11,,0,-0.002,0.5,-0.001209,1,-0.001413,1,,0,,0,,0,,0,-0.001311,0.45,-0.001336,0.62,-0.001438,0.65,-0.001132,1,-0.000877,0.44,,0,,0,,0,-0.001209,0.53,-0.001336,0.58,-0.001413,0.66,-0.001387,0.68,-0.001336,0.64,,0,,0,,0
2020-03-18,,0,-0.001923,1,-0.00154,1,-0.001489,1,,0,,0,,0,,0,-0.001464,0.68,-0.001566,1,-0.00154,1,-0.001413,1,-0.001311,0.5,,0,,0,,0,-0.001668,0.75,-0.001489,0.94,-0.001515,1,-0.00154,0.93,-0.001489,0.75,,0,,0,,0
2020-03-25,,0,-0.001872,1,-0.001591,1,-0.001285,1,,0,,0,,0,,0,-0.001821,0.73,-0.001821,1,-0.001617,1,-0.001209,1,-0.001106,0.5,,0,,0,,0,-0.001898,0.75,-0.001591,1,-0.001311,1,-0.001209,1,-0.001285,0.75,,0,,0,,0
2020-04-01,,0,-0.002,1,-0.001209,1,-0.000698,1,,0,,0,,0,,0,-0.001183,0.59,-0.001209,1,-0.00126,1,-0.000545,1,-0.000672,0.39,,0,,0,,0,-0.001132,0.69,-0.001617,1,-0.001387,1,-0.001311,1,-0.000953,0.72,,0,,0,,0
2020-04-08,,0,,0,,0,,0,,0,,0,,0,,0,-0.002,0.05,,0,-0.001949,0.45,,0,,0,,0,,0,,0,-0.002,0.29,,0,-0.001898,0.14,-0.002,0.01,-0.001898,0.07,,0,,0,,0
2020-04-15,,0,,0,,0,,0,,0,,0,,0,,0,,0,-0.002,0.76,-0.002,0.05,,0,,0,,0,,0,,0,-0.001336,0.35,-0.001387,0.08,-0.002,0.08,-0.002,0.01,-0.001515,0.16,,0,,0,,0
2020-04-22,,0,,0,,0,,0,,0,,0,,0,,0,,0,,0,,0,,0,,0,,0,,0,,0,,0,-0.001821,0.03,-0.001847,0.05,,0,,0,,0,,0,,0
2020-04-29,,0,-0.001668,1,-0.001694,1,-0.001387,1,,0,,0,,0,,0,-0.001489,0.68,-0.001668,1,-0.001566,1,-0.001438,1,-0.001362,0.44,,0,,0,,0,-0.001464,0.76,-0.001209,1,-0.00126,1,-0.001234,1,-0.001438,0.61,,0,,0,,0
2020-05-06,,0,-0.00126,1,-0.001132,1,-0.001081,1,,0,,0,,0,,0,-0.001132,0.68,-0.001157,1,-0.001132,1,-0.001132,1,-0.000596,0.5,,0,,0,,0,-0.001055,0.75,-0.001004,1,-0.001081,1,-0.000979,1,-0.001106,0.75,,0,,0,,0
2020-05-13,,0,-0.002,1,-0.002,1,-0.001719,1,,0,,0,,0,,0,-0.002,0.64,-0.001515,1,-0.001515,1,-0.001157,0.7,-0.001234,0.33,,0,,0,,0,-0.001694,0.75,-0.001464,0.98,-0.001489,0.98,-0.001234,0.94,-0.001157,0.59,,0,,0,,0
2020-05-20,,0,-0.001362,1,-0.001515,1,-0.001438,1,,0,,0,,0,,0,-0.001464,0.64,-0.001489,1,-0.001591,1,-0.001336,1,-0.001004,0.5,,0,,0,,0,-0.001311,0.75,-0.001234,1,-0.001336,1,-0.001336,1,-0.001387,0.75,,0,,0,,0
2020-05-27,,0,-0.000928,1,-0.000851,1,-0.000928,1,,0,,0,,0,,0,-0.001004,0.64,-0.001106,1,-0.001209,1,-0.000979,1,-0.000723,0.44,,0,,0,,0,-0.000953,0.76,-0.001209,1,-0.001209,1,-0.001387,1,-0.001157,0.72,,0,,0,,0
2020-06-03,,0,-0.001566,1,-0.001413,1,-0.001413,1,,0,,0,,0,,0,-0.001515,0.5,-0.001617,0.52,-0.00154,0.75,-0.001464,0.85,-0.00103,0.39,,0,,0,,0,-0.001464,0.72,-0.001515,0.82,-0.001413,0.77,-0.001362,0.96,-0.001362,0.74,,0,,0,,0
2020-06-10,,0,-0.001106,1,-0.00103,1,-0.00103,1,,0,,0,,0,,0,-0.001132,0.68,-0.001209,1,-0.001183,1,-0.001132,1,-0.000698,0.5,,0,,0,,0,-0.000826,0.75,-0.001336,1,-0.001183,1,-0.001132,1,-0.001055,0.77,,0,,0,,0
2020-06-17,,0,-0.001081,1,-0.001183,1,-0.000979,1,,0,,0,,0,,0,-0.000979,0.73,-0.001081,1,-0.001106,1,-0.000953,1,-0.000902,0.5,,0,,0,,0,-0.000826,0.75,-0.001132,1,-0.001106,1,-0.001234,0.96,-0.001157,0.71,,0,,0,,0
2020-06-24,,0,-0.00154,1,-0.001821,0.33,-0.002,0.5,,0,,0,,0,,0,-0.001285,0.64,-0.001336,0.86,-0.001413,0.5,-0.001311,0.4,-0.001157,0.5,,0,,0,,0,-0.001234,0.63,-0.001362,0.85,-0.001336,0.6,-0.001362,0.79,-0.001413,0.55,,0,,0,,0
2020-07-01,,0,-0.002,1,-0.002,1,-0.002,1,,0,,0,,0,,0,-0.001336,0.64,-0.001285,0.57,-0.001566,0.55,-0.001336,0.65,-0.001336,0.44,,0,,0,,0,-0.001464,0.46,-0.001285,0.14,-0.002,0.28,-0.001336,0.5,-0.001413,0.49,,0,,0,,0
2020-07-08,,0,-0.000851,1,-0.0008,1,-0.000979,1,,0,,0,,0,,0,-0.000774,0.68,-0.001081,1,-0.001132,1,-0.001004,1,-0.000979,0.44,,0,,0,,0,-0.000877,0.75,-0.001209,0.97,-0.001234,0.95,-0.001132,0.66,-0.001285,0.68,,0,,0,,0
2020-07-15,,0,-0.002,1,-0.001438,1,-0.001643,1,,0,,0,,0,,0,-0.0008,0.68,-0.001157,1,-0.001132,1,-0.000902,1,-0.000672,0.5,,0,,0,,0,-0.000621,0.75,-0.001183,1,-0.001132,1,-0.001157,1,-0.001081,0.75,,0,,0,,0
2020-07-22,,0,-0.001591,1,-0.001336,1,-0.001464,1,,0,,0,,0,,0,-0.001132,0.68,-0.001157,1,-0.001106,1,-0.001132,0.9,-0.00103,0.5,,0,,0,,0,-0.000749,0.75,-0.001157,0.95,-0.001157,0.95,-0.001004,0.99,-0.000979,0.75,-0.002,0.02,,0,,0
2020-07-29,,0,-0.001438,1,-0.00126,1,-0.001285,1,,0,,0,,0,,0,-0.001004,0.18,-0.001209,0.9,-0.001387,0.9,-0.001362,1,-0.001285,0.33,,0,,0,,0,-0.000826,0.1,-0.001285,0.46,-0.001106,0.28,-0.001413,0.28,-0.00126,0.36,,0,,0,,0
2020-08-05,,0,-0.00126,1,-0.001055,1,-0.001183,1,,0,,0,,0,-0.002,0.5,-0.001055,0.68,-0.001132,1,-0.001209,1,-0.001055,1,-0.001081,0.5,,0,,0,,0,-0.001183,0.76,-0.001157,1,-0.001183,0.98,-0.001183,1,-0.001055,0.78,-0.002,0.02,,0,,0
2020-08-12,-0.002,0.5,-0.000979,1,-0.00057,1,-0.000519,1,,0,,0,,0,,0,-0.000877,0.73,-0.000902,1,-0.000979,1,-0.000494,1,-0.000596,0.5,,0,,0,,0,-0.000519,0.76,-0.001183,1,-0.001183,1,-0.001157,0.99,-0.0008,0.8,,0,,0,,0
2020-08-19,,0,-0.00126,1,-0.001311,1,-0.000979,1,,0,,0,,0,,0,-0.000979,0.68,-0.001004,1,-0.001004,1,-0.000979,0.95,-0.000902,0.5,,0,,0,,0,-0.0008,0.76,-0.001055,1,-0.001081,1,-0.000928,1,-0.00103,0.75,,0,,0,,0
2020-08-26,,0,-0.001668,1,-0.001438,1,-0.001464,1,,0,,0,,0,,0,-0.001004,0.68,-0.00126,1,-0.001311,1,-0.001336,1,-0.000902,0.5,,0,,0,,0,-0.001106,0.75,-0.001336,1,-0.001311,1,-0.00126,0.97,-0.001081,0.75,,0,,0,,0
2020-09-02,,0,-0.002,1,-0.002,1,-0.001974,1,,0,,0,,0,,0,-0.002,0.64,-0.001362,1,-0.00126,1,-0.001209,1,-0.002,0.39,,0,,0,,0,-0.001336,0.69,-0.001336,0.75,-0.001336,0.92,-0.001311,0.82,-0.001694,0.7,,0,,0,,0
2020-09-09,,0,-0.001745,1,-0.001055,1,-0.001106,1,,0,,0,,0,,0,-0.001285,0.68,-0.001183,1,-0.001157,0.95,-0.001157,1,-0.001157,0.44,,0,,0,,0,-0.00126,0.71,-0.00126,0.91,-0.001285,0.89,-0.001285,0.94,-0.00126,0.75,,0,,0,,0
2020-09-16,,0,,0,,0,,0,,0,,0,,0,,0,,0,,0,,0,-0.002,0.15,,0,,0,,0,,0,-0.00154,0.13,-0.001387,0.26,-0.001515,0.35,-0.001464,0.29,-0.001515,0.04,,0,,0,,0
2020-09-23,,0,-0.002,1,-0.002,1,-0.002,1,,0,,0,,0,-0.002,0.5,-0.002,0.68,-0.002,1,-0.002,1,-0.002,1,-0.002,0.44,,0,,0,,0,-0.002,0.76,-0.001872,0.78,-0.001438,0.78,-0.001413,1,-0.002,0.75,-0.002,0.02,,0,,0
2020-09-30,,0,-0.001336,1,-0.002,1,-0.002,1,,0,,0,,0,-0.002,1,-0.001336,0.68,-0.001336,1,-0.001209,1,-0.000774,1,-0.001821,0.44,,0,,0,,0,-0.000851,0.78,-0.000979,1,-0.000979,1,-0.001081,1,-0.001336,0.78,-0.002,0.02,,0,,0
2020-10-07,,0,-0.001438,1,-0.000774,1,-0.001209,1,,0,,0,,0,-0.002,1,-0.000877,0.68,-0.001081,1,-0.001157,1,-0.000826,1,-0.001157,0.5,,0,,0,,0,-0.000519,0.76,-0.000953,1,-0.000979,0.94,-0.001183,0.76,-0.000928,0.78,-0.002,0.02,,0,,0
2020-10-14,,0,-0.002,1,-0.002,1,-0.002,1,,0,,0,,0,-0.002,0.5,-0.001974,0.73,-0.001668,1,-0.001209,1,-0.002,1,-0.002,0.5,,0,,0,,0,-0.001719,0.76,-0.000979,1,-0.001132,1,-0.001132,1,-0.001438,0.77,-0.002,0.02,,0,,0
2020-10-21,,0,-0.001285,1,-0.000851,1,-0.001055,1,,0,,0,,0,,0,-0.00126,0.68,-0.00103,1,-0.000979,1,-0.00057,1,-0.000902,0.5,,0,,0,,0,-0.001132,0.76,-0.00126,1,-0.00126,0.95,-0.00103,1,-0.000953,0.75,-0.002,0.02,,0,,0
2020-10-28,,0,-0.001515,1,-0.001413,1,-0.00126,1,,0,,0,,0,,0,-0.001489,0.68,-0.00154,0.95,-0.001362,1,-0.001362,1,-0.000851,0.5,,0,,0,,0,-0.000979,0.76,-0.001336,0.98,-0.001209,1,-0.001209,1,-0.001106,0.77,-0.002,0.02,,0,,0
2020-11-04,,0,-0.002,1,-0.002,1,-0.000953,1,,0,,0,,0,-0.002,0.5,-0.001847,0.68,-0.001413,1,-0.001183,1,-0.001132,1,-0.000596,0.5,,0,,0,,0,-0.001209,0.78,-0.00103,1,-0.000953,1,-0.001132,1,-0.001157,0.78,-0.002,0.02,,0,,0
2020-11-11,,0,-0.001285,1,-0.001413,1,-0.001336,1,,0,,0,,0,-0.002,0.5,-0.000749,0.68,-0.001183,1,-0.001132,1,-0.001055,1,-0.001106,0.5,,0,,0,,0,-0.000672,0.78,-0.000953,1,-0.000826,1,-0.001004,1,-0.001132,0.8,-0.002,0.02,,0,,0
2020-11-18,,0,-0.002,1,-0.002,1,-0.002,1,,0,,0,,0,,0,-0.00154,0.68,-0.001668,1,-0.00154,1,-0.00126,1,-0.001055,0.5,,0,,0,-0.002,0.05,-0.001566,0.78,-0.001209,0.98,-0.000953,0.92,-0.000928,1,-0.001336,0.78,-0.002,0.02,,0,,0
2020-11-25,,0,-0.000928,1,-0.001464,1,-0.001285,1,,0,,0,,0,,0,-0.001387,0.68,-0.00154,1,-0.001081,1,-0.000902,1,-0.000494,0.5,,0,,0,,0,-0.001362,0.76,-0.001183,1,-0.000928,1,-0.0008,1,-0.000902,0.8,-0.002,0.02,,0,,0
2020-12-02,,0,-0.002,1,-0.002,1,-0.002,1,,0,,0,,0,,0,-0.002,0.68,-0.002,1,-0.001719,1,-0.001617,1,-0.001949,0.5,,0,,0,,0,-0.002,0.75,-0.001617,1,-0.001362,1,-0.001132,1,-0.00154,0.75,,0,,0,,0
2020-12-09,,0,-0.002,1,-0.002,1,-0.002,1,,0,,0,,0,-0.002,1,-0.002,0.68,-0.002,1,-0.002,1,-0.002,1,-0.002,0.5,,0,,0,,0,-0.002,0.75,-0.000826,1,-0.000774,1,-0.000928,1,-0.002,0.8,-0.002,0.02,,0,,0
2020-12-16,,0,-0.002,1,-0.002,1,-0.002,1,,0,,0,,0,-0.002,1,-0.002,0.68,-0.001872,1,-0.001898,1,-0.002,1,-0.002,0.5,,0,,0,,0,-0.001566,0.75,-0.001183,1,-0.001234,1,-0.00154,0.91,-0.001591,0.77,-0.002,0.02,,0,,0
2021-01-01,,0,-0.002,1,-0.002,1,-0.002,1,,0,,0,,0,-0.002,1,-0.002,0.68,-0.002,1,-0.002,1,-0.001643,1,-0.002,0.44,,0,,0,,0,-0.002,0.76,-0.001643,1,-0.001285,1,-0.00126,0.99,-0.001311,0.8,-0.002,0.02,,0,,0
2021-01-08,,0,-0.002,1,-0.002,1,-0.002,1,,0,,0,,0,-0.002,1,-0.002,0.73,-0.001847,1,-0.00103,1,-0.000877,1,-0.002,0.5,,0,,0,,0,-0.001464,0.78,-0.001055,1,-0.000979,1,-0.000877,1,-0.000902,0.8,-0.002,0.02,,0,,0
2021-01-15,,0,-0.002,1,-0.002,1,-0.002,1,,0,,0,,0,-0.002,1,-0.002,0.73,-0.002,1,-0.002,1,-0.002,1,-0.002,0.44,,0,,0,,0,-0.002,0.76,-0.000953,1,-0.001055,1,-0.001132,0.85,-0.002,0.75,-0.002,0.02,,0,,0
2021-01-22,-0.002,0.5,-0.002,1,-0.002,1,-0.002,1,,0,,0,,0,-0.002,1,-0.002,0.68,-0.002,1,-0.001949,1,-0.001413,1,-0.002,0.39,,0,,0,,0,-0.002,0.75,-0.000621,1,-0.000698,1,-0.000647,1,-0.001923,0.75,-0.002,0.02,,0,,0
2021-01-29,-0.002,0.5,-0.002,1,-0.002,1,-0.002,1,,0,,0,,0,,0,-0.002,0.64,-0.002,1,-0.001949,1,-0.002,0.75,-0.002,0.44,,0,,0,,0,-0.002,0.75,-0.001796,1,-0.001821,0.89,-0.00177,0.6,-0.001898,0.61,,0,,0,,0
2021-02-05,,0,-0.002,1,-0.002,1,-0.002,1,,0,,0,,0,-0.002,1,-0.002,0.68,-0.001464,1,-0.001413,1,-0.001336,1,-0.002,0.44,,0,,0,,0,-0.001234,0.75,-0.001055,1,-0.001106,0.98,-0.001055,0.96,-0.001311,0.78,-0.002,0.02,,0,,0
2021-02-12,,0,-0.002,1,-0.001847,1,-0.002,1,,0,,0,,0,-0.002,0.5,-0.001694,0.68,-0.001234,1,-0.001209,1,-0.001311,1,-0.001464,0.5,,0,,0,,0,-0.001234,0.75,-0.001081,1,-0.000953,1,-0.001132,1,-0.00126,0.77,-0.002,0.02,,0,,0
2021-02-19,,0,-0.002,1,-0.002,1,-0.002,1,,0,,0,,0,,0,-0.002,0.64,-0.002,0.33,-0.002,0.1,-0.002,0.55,-0.002,0.5,,0,,0,,0,-0.002,0.65,,0,,0,,0,-0.002,0.52,,0,,0,,0
2021-02-26,,0,-0.002,1,-0.002,1,-0.002,1,,0,,0,,0,-0.002,1,-0.002,0.68,-0.002,1,-0.002,1,-0.002,1,-0.002,0.5,,0,,0,,0,-0.002,0.75,-0.001489,1,-0.001464,1,-0.001387,1,-0.002,0.78,-0.002,0.02,,0,,0
2021-03-05,,0,,0,,0,,0,,0,,0,,0,-0.002,0.5,-0.002,0.59,-0.001821,0.95,-0.002,0.7,-0.002,0.3,,0,,0,,0,,0,-0.001872,0.4,-0.001668,0.71,-0.001591,0.89,-0.002,0.9,-0.002,0.43,-0.002,0.02,,0,,0
2021-03-12,,0,-0.002,1,-0.002,1,-0.002,1,,0,,0,,0,,0,-0.002,0.64,-0.00154,1,-0.001438,1,-0.001489,1,-0.002,0.44,,0,,0,,0,-0.001745,0.75,-0.001464,1,-0.001387,1,-0.001362,1,-0.001438,0.77,,0,,0,,0
2021-03-19,-0.002,0.5,-0.002,1,-0.002,1,-0.002,1,,0,,0,,0,,0,-0.001183,0.64,-0.001336,1,-0.001132,1,-0.001209,1,-0.001719,0.44,,0,,0,,0,-0.001234,0.75,-0.001106,1,-0.001106,1,-0.001157,1,-0.001413,0.75,,0,,0,,0
2021-03-26,,0,-0.002,1,-0.002,1,-0.001643,1,,0,,0,,0,-0.002,0.5,-0.002,0.68,-0.001209,1,-0.001234,1,-0.001183,1,-0.001719,0.44,,0,,0,,0,-0.001234,0.78,-0.001157,1,-0.001183,1,-0.001285,0.99,-0.001489,0.75,,0,,0,,0
2021-04-02,,0,-0.002,1,-0.002,0.67,-0.002,0.5,,0,,0,,0,,0,-0.002,0.59,-0.002,0.81,-0.001745,0.5,-0.001898,0.55,-0.002,0.33,,0,,0,,0,-0.002,0.5,-0.00154,0.17,-0.001413,0.77,-0.001464,0.85,-0.001643,0.72,,0,,0,,0
2021-04-09,-0.002,0.5,-0.002,1,-0.002,1,-0.002,1,,0,,0,,0,,0,-0.002,0.64,-0.002,1,-0.002,1,-0.001745,1,-0.002,0.44,,0,,0,,0,-0.002,0.75,-0.001157,1,-0.001157,1,-0.001157,0.99,-0.001336,0.78,-0.002,0.02,,0,,0
2021-04-16,,0,,0,,0,,0,,0,,0,,0,,0,,0,-0.002,0.1,,0,,0,,0,,0,,0,,0,-0.001872,0.13,-0.001847,0.35,-0.002,0.31,,0,,0,,0,,0,,0
2021-04-23,,0,-0.002,1,-0.002,1,-0.002,1,,0,,0,,0,-0.002,1,-0.002,0.64,-0.001209,1,-0.00126,1,-0.001413,1,-0.002,0.44,,0,,0,,0,-0.001387,0.76,-0.001106,0.86,-0.001209,0.66,-0.001209,0.66,-0.001974,0.7,-0.002,0.02,,0,,0
2021-04-30,,0,-0.001949,1,-0.001872,1,-0.00177,1,,0,,0,,0,-0.002,0.5,-0.001745,0.64,-0.001694,1,-0.001311,1,-0.001617,1,-0.00126,0.44,,0,,0,,0,-0.00154,0.76,-0.001157,1,-0.001183,0.97,-0.001311,0.59,-0.001515,0.77,-0.002,0.02,,0,,0
2021-05-07,,0,-0.001872,1,-0.001285,1,-0.002,1,,0,,0,,0,,0,-0.001745,0.64,-0.001796,1,-0.001566,0.9,-0.001796,0.75,-0.000672,0.33,,0,,0,,0,-0.001566,0.75,-0.001362,0.88,-0.001438,0.89,-0.001745,0.85,-0.001311,0.7,-0.002,0.02,,0,,0
2021-05-14,,0,-0.002,0.5,,0,,0,,0,,0,,0,,0,-0.001668,0.27,-0.001719,0.57,-0.001974,0.2,-0.001745,0.45,-0.002,0.22,,0,,0,,0,-0.00177,0.41,-0.001643,0.62,-0.001387,0.83,-0.001591,0.24,,0,,0,,0,,0
2021-05-21,,0,-0.001285,1,-0.001949,1,-0.002,0.5,,0,,0,,0,-0.002,0.5,-0.001643,0.59,-0.001464,0.38,-0.001923,0.8,-0.001719,0.9,-0.000851,0.44,,0,,0,,0,-0.001489,0.59,-0.001413,0.55,-0.00154,0.86,-0.001668,0.79,-0.001668,0.72,,0,,0,,0
2021-05-28,,0,-0.001566,1,-0.001745,1,-0.002,1,,0,,0,,0,,0,-0.001591,0.64,-0.001949,1,-0.001796,1,-0.001515,1,-0.001055,0.44,,0,,0,,0,-0.002,0.75,-0.001489,0.68,-0.00126,0.97,-0.001387,1,-0.001132,0.77,,0,,0,,0
2021-06-04,,0,-0.001566,1,-0.00177,1,-0.001464,1,,0,,0,,0,,0,-0.002,0.64,-0.001796,0.9,-0.001694,0.85,-0.001566,0.65,-0.001668,0.11,,0,,0,,0,-0.001336,0.68,-0.001974,0.94,-0.001311,0.98,-0.001719,0.74,-0.001668,0.45,,0,,0,,0
2021-06-11,,0,-0.001081,1,-0.000902,1,-0.000698,1,,0,,0,,0,-0.002,1,-0.001234,0.64,-0.001234,1,-0.001209,1,-0.001209,1,-0.000621,0.5,,0,,0,,0,-0.000877,0.75,-0.001336,1,-0.001311,1,-0.001387,1,-0.001132,0.78,-0.002,0.02,,0,,0
2021-06-18,,0,-0.001209,1,-0.00126,1,-0.001055,1,,0,,0,,0,-0.002,1,-0.000953,0.68,-0.001157,1,-0.00126,1,-0.00103,1,-0.000264,0.5,,0,,0,,0,-0.0008,0.75,-0.001362,0.98,-0.001362,1,-0.001285,0.97,-0.000749,0.7,-0.002,0.02,,0,,0
2021-06-25,,0,-0.001362,1,-0.001209,1,-0.002,1,,0,,0,,0,,0,-0.001413,0.59,-0.00126,1,-0.001157,1,-0.001311,0.75,-0.001821,0.33,,0,,0,,0,-0.000953,0.74,-0.001387,0.69,-0.001311,0.77,-0.001183,0.56,-0.001591,0.52,,0,,0,,0
2021-07-02,,0,-0.001464,1,-0.001055,1,-0.001132,1,,0,,0,,0,-0.002,1,-0.000979,0.64,-0.001157,1,-0.001234,1,-0.001106,0.95,-0.000647,0.44,,0,,0,,0,-0.000902,0.75,-0.001209,0.92,-0.001209,0.91,-0.00126,0.97,-0.00103,0.77,-0.002,0.02,,0,,0
2021-07-09,,0,,0,,0,-0.001515,0.5,,0,,0,,0,,0,-0.00103,0.36,-0.001285,0.81,-0.001617,0.55,-0.001157,0.55,-0.00126,0.11,,0,,0,,0,-0.001694,0.16,-0.001438,0.75,-0.001796,0.78,-0.001489,0.09,-0.001183,0.25,,0,,0,,0
2021-07-16,,0,-0.002,1,-0.001311,1,-0.001106,0.5,,0,,0,,0,,0,-0.001209,0.64,-0.00126,0.95,-0.001285,0.8,-0.001055,0.5,-0.001004,0.33,,0,,0,,0,-0.00126,0.54,-0.001438,0.85,-0.001285,0.51,-0.001183,0.38,-0.00103,0.57,-0.002,0.02,,0,,0
2021-07-23,,0,-0.001106,1,-0.000774,1,-0.000443,1,,0,,0,,0,-0.002,0.5,-0.000826,0.68,-0.001055,1,-0.000698,0.9,-0.000519,0.85,-0.000698,0.44,,0,,0,,0,-0.001055,0.76,-0.001285,0.91,-0.001234,0.69,-0.001234,0.96,-0.000902,0.75,-0.002,0.02,,0,,0
2021-07-30,-0.002,0.5,-0.001004,1,-0.001157,1,-0.001209,1,,0,,0,,0,-0.002,1,-0.001055,0.64,-0.001081,1,-0.001055,1,-0.001004,1,-0.000826,0.5,,0,,0,,0,-0.000928,0.78,-0.001106,1,-0.001081,1,-0.001055,1,-0.000443,0.78,-0.002,0.02,,0,,0
2021-08-06,-0.002,0.5,-0.001336,1,-0.00126,1,-0.001438,1,,0,,0,,0,-0.002,1,-0.000953,0.68,-0.00103,1,-0.000979,1,-0.000979,1,-0.000723,0.5,,0,,0,,0,-0.000826,0.75,-0.001106,1,-0.001132,1,-0.001132,1,-0.000723,0.78,-0.002,0.02,,0,,0
2021-08-13,,0,-0.001566,1,-0.001183,1,-0.000851,1,,0,,0,,0,,0,-0.000953,0.68,-0.000953,1,-0.000902,1,-0.000672,1,-0.000519,0.5,,0,,0,,0,-0.000315,0.75,-0.000979,1,-0.001106,1,-0.00103,0.99,-0.000851,0.8,-0.002,0.02,,0,,0
2021-08-20,,0,-0.001004,1,-0.000928,1,-0.000902,1,,0,,0,,0,-0.002,1,-0.000774,0.68,-0.001055,1,-0.001055,1,-0.000851,1,-0.00057,0.5,,0,,0,,0,-0.000443,0.76,-0.001055,1,-0.001157,1,-0.001106,1,-0.000851,0.77,-0.002,0.02,,0,,0
2021-08-27,-0.002,0.5,-0.00103,1,-0.000851,1,-0.000851,1,,0,,0,,0,-0.002,1,-0.001004,0.68,-0.001055,1,-0.001004,1,-0.000647,1,-0.000723,0.5,,0,,0,,0,-0.0008,0.75,-0.001004,0.98,-0.001157,1,-0.001132,0.99,-0.001081,0.77,-0.002,0.02,,0,,0
2021-09-03,-0.002,0.5,-0.00126,1,-0.001106,1,-0.001183,1,,0,,0,,0,-0.002,0.5,-0.00126,0.68,-0.001234,1,-0.001209,1,-0.00126,1,-0.001081,0.44,,0,,0,,0,-0.001209,0.78,-0.001132,1,-0.001157,0.97,-0.001311,1,-0.001362,0.74,-0.002,0.02,,0,,0
2021-09-10,,0,-0.001157,1,-0.000928,1,-0.000545,1,,0,,0,,0,-0.002,1,-0.001132,0.68,-0.001055,1,-0.001132,1,-0.001106,1,-0.000979,0.44,,0,,0,,0,-0.000979,0.72,-0.001209,1,-0.001234,0.98,-0.001183,1,-0.00103,0.78,-0.002,0.02,,0,,0
2021-09-17,,0,-0.002,1,-0.001362,1,-0.001234,1,,0,,0,,0,-0.002,0.5,-0.001949,0.55,-0.001311,0.76,-0.001183,1,-0.001157,0.65,-0.001234,0.33,,0,,0,,0,-0.001387,0.75,-0.001285,0.98,-0.001183,0.75,-0.001209,0.47,-0.001183,0.26,-0.002,0.02,,0,,0
2021-09-24,-0.002,0.5,-0.002,1,-0.002,1,-0.002,1,,0,,0,,0,-0.002,1,-0.001234,0.73,-0.001132,1,-0.001234,1,-0.001183,1,-0.00103,0.5,,0,,0,,0,-0.000928,0.78,-0.001081,0.98,-0.001132,0.89,-0.00126,0.99,-0.001183,0.81,-0.002,0.02,,0,,0
2021-10-01,,0,-0.001438,1,-0.002,1,-0.001413,1,,0,,0,,0,-0.002,1,-0.001132,0.68,-0.001157,1,-0.001055,1,-0.000877,0.95,-0.000953,0.5,,0,,0,,0,-0.001234,0.78,-0.001132,0.85,-0.001132,0.89,-0.001132,0.85,-0.001106,0.81,-0.002,0.05,,0,,0
2021-10-08,,0,-0.000264,1,-0.000417,1,-0.000238,1,,0,,0,,0,-0.002,1,-0.000264,0.73,-0.000672,1,-0.000621,1,-0.000315,1,0.000196,0.5,,0,,0,,0,-0.00034,0.76,-0.000953,1,-0.000953,1,-0.000928,1,-0.000391,0.8,-0.002,0.02,,0,,0
2021-10-15,,0,-0.001055,1,-0.001055,1,-0.000902,1,,0,,0,,0,-0.002,1,-0.001081,0.64,-0.001157,1,-0.001285,1,-0.000902,1,-0.000417,0.5,,0,,0,,0,-0.000519,0.76,-0.001157,1,-0.001209,1,-0.001234,1,-0.000902,0.77,-0.002,0.02,,0,,0
2021-10-22,,0,-0.000953,1,-0.0008,1,-0.000647,1,,0,,0,,0,-0.002,1,-0.001055,0.77,-0.001157,1,-0.001209,1,-0.000902,1,-0.000519,0.44,,0,,0,,0,-0.000979,0.76,-0.001055,0.98,-0.001004,1,-0.000979,1,-0.0008,0.81,-0.002,0.02,,0,,0
2021-10-29,,0,-0.001617,1,-0.000672,1,-0.000749,1,,0,,0,,0,-0.002,1,-0.00103,0.77,-0.000877,1,-0.000928,1,-0.000749,1,-0.000111,0.44,,0,,0,,0,-0.000774,0.78,-0.000928,1,-0.000826,1,-0.000851,1,-0.000851,0.84,-0.002,0.02,,0,,0
2021-11-05,,0,-0.000545,1,-0.00034,1,-0.00103,1,,0,,0,,0,-0.002,1,-0.000519,0.64,-0.000545,1,-0.000494,1,-0.00057,1,-0.000774,0.5,,0,,0,,0,-0.00006,0.76,-0.000749,1,-0.000723,1,-0.000647,1,-0.000647,0.8,-0.002,0.02,,0,,0
2021-11-12,,0,-0.001796,1,-0.001617,1,-0.001438,1,,0,,0,,0,-0.002,1,-0.000519,0.73,-0.000723,1,-0.000672,1,-0.000774,1,-0.001004,0.5,,0,,0,,0,-0.000749,0.76,-0.0008,1,-0.0008,1,-0.000774,1,-0.000851,0.81,-0.002,0.02,,0,,0
2021-11-19,-0.002,0.5,-0.002,1,-0.001515,1,-0.001489,1,,0,,0,,0,-0.002,1,-0.0008,0.68,-0.000723,1,-0.000545,1,-0.000647,1,-0.000979,0.5,,0,,0,,0,-0.000519,0.78,-0.000723,1,-0.000749,1,-0.000749,1,-0.0008,0.77,-0.002,0.02,,0,,0
2021-11-26,-0.002,0.5,-0.002,1,-0.002,1,-0.002,1,,0,,0,,0,-0.002,1,-0.001796,0.64,-0.00126,1,-0.001209,0.9,-0.001157,1,-0.002,0.5,,0,,0,,0,-0.000979,0.76,-0.000953,0.88,-0.001081,0.42,-0.001081,0.85,-0.001157,0.75,-0.002,0.02,,0,,0
2021-12-03,,0,-0.002,1,-0.002,1,-0.001898,1,,0,,0,,0,-0.002,1,-0.001362,0.64,-0.001617,1,-0.00126,1,-0.001157,1,-0.00126,0.5,,0,,0,,0,-0.001311,0.78,-0.000877,1,-0.000826,1,-0.000774,0.99,-0.000902,0.81,-0.002,0.04,,0,,0
2021-12-10,-0.002,0.5,-0.002,1,-0.001872,1,-0.001668,1,,0,,0,,0,,0,-0.001745,0.59,-0.001106,1,-0.000953,1,-0.000698,1,-0.001362,0.44,,0,,0,,0,-0.001566,0.75,-0.001132,1,-0.000979,0.83,-0.0008,0.84,-0.001285,0.77,-0.002,0.02,,0,,0
2021-12-17,,0,-0.002,1,-0.002,1,-0.002,1,,0,,0,,0,-0.002,1,-0.002,0.68,-0.001847,0.81,-0.001209,1,-0.001949,1,-0.002,0.5,,0,,0,,0,-0.001745,0.69,-0.00126,0.8,-0.00103,0.97,-0.001183,0.69,-0.001234,0.83,-0.002,0.02,,0,-0.002,0.02
2021-12-24,,0,-0.001719,1,-0.002,1,-0.002,1,,0,,0,,0,-0.002,1,-0.002,0.64,-0.002,1,-0.002,1,-0.002,1,-0.002,0.44,,0,,0,,0,-0.001949,0.78,-0.001132,0.92,-0.001643,0.71,-0.001081,0.78,-0.001311,0.8,-0.002,0.02,,0,,0
2021-12-31,-0.002,0.5,-0.002,1,-0.002,1,-0.002,1,,0,,0,,0,-0.002,0.5,-0.001745,0.68,-0.001413,1,-0.001464,1,-0.001438,1,-0.002,0.44,,0,,0,,0,-0.00177,0.76,-0.001464,1,-0.001438,0.92,-0.001234,1,-0.00154,0.75,-0.002,0.02,,0,,0
2022-01-01,,0,-0.002,1,-0.002,1,-0.002,1,,0,,0,,0,,0,-0.001694,0.68,-0.001413,1,-0.001464,1,-0.001438,1,-0.002,0.44,,0,,0,,0,-0.001719,0.76,-0.001489,1,-0.001438,0.91,-0.001234,1,-0.001591,0.75,-0.002,0.02,,0,,0
2022-01-08,-0.002,0.5,-0.002,1,-0.002,1,-0.002,1,,0,,0,,0,-0.002,1,-0.001591,0.73,-0.00126,1,-0.000826,1,-0.001566,0.9,-0.002,0.44,,0,,0,,0,-0.001157,0.75,-0.000774,1,-0.000928,0.72,-0.001106,0.37,-0.001132,0.8,-0.002,0.02,,0,,0
2022-01-15,-0.002,0.5,-0.002,1,-0.002,1,-0.002,1,,0,,0,-0.002,0.33,-0.002,1,-0.002,0.73,-0.001694,1,-0.001413,1,-0.00177,1,-0.002,0.5,,0,,0,-0.002,0.05,-0.002,0.78,-0.001183,0.98,-0.001081,0.83,-0.001055,0.99,-0.00126,0.87,-0.002,0.04,,0,-0.002,0.02
2022-01-22,-0.002,0.5,-0.002,1,-0.002,1,-0.002,1,,0,,0,,0,-0.002,1,-0.002,0.68,-0.002,1,-0.002,1,-0.002,1,-0.002,0.44,,0,,0,,0,-0.001668,0.78,-0.000928,1,-0.000953,1,-0.000877,1,-0.001413,0.78,-0.002,0.02,,0,,0
2022-01-29,,0,-0.002,0.5,-0.002,0.67,-0.002,0.5,,0,,0,,0,,0,-0.002,0.68,-0.002,1,-0.002,1,-0.002,0.25,-0.002,0.33,,0,,0,,0,-0.002,0.75,-0.001106,1,-0.000877,0.31,-0.001336,0.15,-0.002,0.74,-0.002,0.02,,0,,0
2022-02-05,,0,-0.002,0.5,-0.002,0.33,-0.002,0.5,,0,,0,,0,,0,-0.002,0.32,-0.001923,1,-0.001872,0.6,-0.002,0.6,-0.002,0.28,,0,,0,,0,-0.00177,0.63,-0.001081,1,-0.001336,0.92,-0.001719,0.74,-0.002,0.75,-0.002,0.02,,0,,0
2022-02-12,,0,-0.002,1,-0.002,1,-0.002,1,,0,,0,,0,-0.002,1,-0.002,0.73,-0.001796,1,-0.001413,1,-0.001566,1,-0.002,0.5,,0,,0,,0,-0.001336,0.78,-0.001055,1,-0.001081,1,-0.001055,1,-0.001949,0.8,-0.002,0.02,,0,,0
2022-02-19,,0,-0.002,1,-0.002,1,-0.002,1,,0,,0,,0,-0.002,1,-0.002,0.68,-0.002,1,-0.002,1,-0.002,1,-0.002,0.5,,0,,0,,0,-0.001949,0.78,-0.001132,1,-0.001106,1,-0.001132,0.97,-0.002,0.77,-0.002,0.02,,0,,0
2022-02-26,,0,-0.002,1,-0.002,1,-0.002,0.5,,0,,0,,0,-0.002,0.5,-0.002,0.55,-0.002,0.24,-0.002,0.8,-0.002,0.8,-0.002,0.33,,0,,0,,0,-0.002,0.72,-0.001668,0.4,-0.00154,0.94,-0.001489,1,-0.001872,0.77,-0.002,0.02,,0,,0
2022-03-05,-0.002,0.5,-0.002,1,-0.002,1,-0.002,1,,0,,0,,0,-0.002,1,-0.002,0.68,-0.002,1,-0.001591,1,-0.001796,1,-0.002,0.44,,0,,0,,0,-0.002,0.76,-0.001285,1,-0.00126,1,-0.00103,1,-0.001617,0.8,-0.002,0.02,,0,,0
2022-03-12,,0,,0,-0.002,0.67,-0.002,0.5,,0,,0,,0,,0,-0.002,0.23,-0.002,0.19,-0.002,0.25,-0.002,0.2,-0.002,0.11,,0,,0,,0,-0.002,0.74,-0.001668,0.11,-0.001489,0.66,-0.001464,0.63,-0.002,0.72,-0.002,0.02,,0,,0
2022-03-19,,0,-0.002,1,-0.001847,1,-0.002,1,,0,,0,,0,-0.002,1,-0.002,0.68,-0.001617,1,-0.001745,1,-0.001668,1,-0.001821,0.44,,0,,0,,0,-0.001489,0.76,-0.00103,1,-0.00103,1,-0.001055,1,-0.002,0.78,-0.002,0.02,,0,,0
2022-03-26,-0.002,0.5,-0.001004,1,-0.00103,1,-0.00126,1,,0,,0,,0,-0.002,0.5,-0.00126,0.68,-0.000545,1,-0.000494,1,-0.000519,1,-0.00103,0.44,,0,,0,,0,-0.000774,0.76,-0.00057,1,-0.000723,1,-0.000596,1,-0.000621,0.75,-0.002,0.02,,0,,0
2022-04-02,,0,-0.002,1,-0.001311,1,-0.002,1,,0,,0,,0,,0,-0.001336,0.64,-0.001209,1,-0.001183,1,-0.000953,1,-0.001974,0.5,,0,,0,,0,-0.001055,0.75,-0.000953,1,-0.000953,0.97,-0.001004,0.99,-0.001132,0.75,,0,,0,,0
2022-04-09,,0,-0.002,1,-0.001515,1,-0.001591,1,,0,,0,,0,,0,-0.001234,0.64,-0.00103,1,-0.000953,1,-0.000749,1,-0.001464,0.44,,0,,0,,0,-0.00103,0.75,-0.001055,1,-0.001004,1,-0.000928,1,-0.000877,0.74,,0,,0,,0
2022-04-16,,0,,0,-0.002,0.33,-0.002,0.5,,0,,0,,0,,0,,0,-0.001566,0.62,-0.001643,0.95,-0.001796,0.75,-0.002,0.33,,0,,0,,0,,0,-0.001489,0.52,-0.001515,0.85,-0.00154,0.85,-0.001821,0.75,,0,,0,,0
2022-04-23,,0,-0.002,1,-0.001489,1,-0.001285,1,,0,,0,,0,,0,-0.002,0.64,-0.001643,1,-0.001336,1,-0.001234,1,-0.001387,0.44,,0,,0,,0,-0.001796,0.75,-0.001209,1,-0.00103,1,-0.001132,1,-0.001234,0.75,,0,,0,,0
2022-04-30,-0.002,0.5,-0.001719,1,-0.001591,1,-0.001668,1,,0,,0,,0,,0,-0.001821,0.68,-0.001898,1,-0.00154,1,-0.001413,1,-0.001387,0.5,,0,,0,,0,-0.001872,0.74,-0.001183,1,-0.000519,1,-0.001234,1,-0.001311,0.75,,0,,0,,0
2022-05-07,,0,-0.001923,1,0.000451,1,-0.001515,1,,0,,0,,0,,0,-0.001362,0.64,-0.001413,1,-0.001362,1,-0.00126,1,-0.000953,0.44,,0,,0,,0,-0.001285,0.75,-0.001438,1,-0.001413,1,-0.001617,1,-0.001413,0.71,,0,,0,,0
2022-05-14,,0,-0.000213,1,-0.000213,1,-0.000136,1,,0,,0,,0,,0,-0.000877,0.68,-0.00103,1,-0.000928,1,-0.000621,1,-0.000264,0.44,,0,,0,,0,-0.000698,0.75,-0.001132,1,-0.001209,1,-0.001106,1,-0.000647,0.75,-0.002,0.02,,0,,0
2022-05-21,,0,-0.000826,1,-0.000979,1,-0.000749,1,,0,,0,,0,,0,-0.0008,0.64,-0.000953,1,-0.000826,1,-0.000621,1,-0.000443,0.5,,0,,0,,0,-0.000545,0.75,-0.001132,0.98,-0.001132,1,-0.001234,0.91,-0.000749,0.75,,0,,0,,0
2022-05-28,,0,-0.001464,1,-0.000902,1,-0.001285,1,,0,,0,,0,,0,-0.000749,0.68,-0.000979,1,-0.001081,1,-0.000877,1,-0.000851,0.44,,0,,0,,0,-0.000647,0.76,-0.001106,1,-0.001209,1,-0.001132,1,-0.001106,0.75,,0,,0,,0
2022-06-04,-0.002,0.5,-0.000596,1,-0.000826,1,-0.0008,1,-0.002,0.67,,0,-0.002,0.33,-0.002,1,-0.000366,0.77,-0.000774,1,-0.000851,1,-0.000596,1,0.000145,0.5,,0,,0,,0,-0.000443,0.75,-0.000928,1,-0.000979,1,-0.000979,1,-0.000519,0.81,-0.002,0.02,,0,,0
2022-06-11,,0,-0.000621,1,-0.000391,1,-0.000647,1,,0,,0,,0,,0,0.000017,0.64,-0.000545,1,-0.000621,1,-0.000468,1,0.000528,0.44,,0,,0,,0,-0.000213,0.75,-0.00103,1,-0.001157,1,-0.001055,1,-0.000366,0.75,,0,,0,,0
2022-06-18,,0,-0.001591,1,-0.000826,1,-0.000774,1,,0,,0,,0,-0.002,0.5,-0.000213,0.64,-0.001055,1,-0.001106,1,-0.001081,0.95,-0.000698,0.44,,0,,0,,0,-0.000136,0.75,-0.001106,1,-0.001132,1,-0.001132,0.82,-0.000647,0.68,-0.002,0.02,,0,,0
2022-06-25,,0,-0.001081,1,-0.000851,1,-0.000877,1,,0,,0,,0,-0.002,1,-0.000774,0.64,-0.001157,1,-0.001157,1,-0.0008,1,-0.000009,0.5,,0,,0,,0,-0.000647,0.76,-0.001106,1,-0.001106,1,-0.001132,0.99,-0.000902,0.77,-0.002,0.02,,0,,0
2022-07-02,,0,-0.001311,1,-0.001209,1,-0.00103,1,,0,,0,,0,-0.002,1,-0.000902,0.68,-0.00126,1,-0.001209,1,-0.001004,1,-0.000774,0.5,,0,,0,,0,-0.000723,0.76,-0.001336,0.97,-0.00126,0.92,-0.001183,1,-0.001004,0.78,-0.002,0.02,,0,,0
2022-07-09,,0,-0.001362,1,-0.001234,1,-0.000826,1,,0,,0,,0,,0,-0.000979,0.64,-0.000902,1,-0.000826,1,-0.000621,1,-0.000443,0.44,,0,,0,,0,-0.000698,0.75,-0.000928,1,-0.001055,1,-0.001055,1,-0.000749,0.77,,0,,0,,0
2022-07-16,,0,-0.001898,1,-0.001719,1,-0.001336,1,,0,,0,,0,-0.002,1,-0.001234,0.68,-0.001106,1,-0.000928,1,-0.001106,1,-0.000902,0.5,,0,,0,,0,-0.000979,0.75,-0.001081,1,-0.001157,1,-0.001106,1,-0.001004,0.77,-0.002,0.02,,0,,0
2022-07-23,,0,-0.001745,1,-0.001157,1,-0.000979,1,,0,,0,,0,,0,-0.001157,0.68,-0.001106,1,-0.001081,1,-0.001004,1,-0.001004,0.5,,0,,0,,0,-0.000826,0.75,-0.001209,1,-0.001209,1,-0.001183,0.99,-0.001183,0.75,-0.002,0.02,,0,,0
2022-07-30,-0.002,0.5,-0.001949,1,-0.001311,1,-0.001209,1,,0,,0,,0,-0.002,1,-0.001106,0.68,-0.001132,0.95,-0.001132,1,-0.001209,1,-0.000851,0.5,,0,,0,,0,-0.000979,0.76,-0.001106,1,-0.001157,1,-0.001157,1,-0.001106,0.77,-0.002,0.02,,0,,0
2022-08-07,,0,-0.001157,1,-0.001234,1,-0.001209,1,,0,,0,,0,,0,-0.001132,0.64,-0.001132,1,-0.001157,1,-0.001132,1,-0.00103,0.44,,0,,0,,0,-0.001132,0.75,-0.001157,1,-0.001209,1,-0.001183,0.94,-0.00126,0.75,-0.002,0.02,,0,,0
2022-08-14,,0,-0.001413,1,-0.001285,1,-0.001311,1,,0,,0,,0,-0.002,1,-0.00126,0.68,-0.00126,1,-0.001311,1,-0.001081,1,-0.000902,0.44,,0,,0,,0,-0.001106,0.78,-0.001285,1,-0.001311,0.88,-0.00126,0.94,-0.001055,0.8,-0.002,0.02,,0,,0
2022-08-21,,0,-0.001106,1,-0.000877,1,-0.0008,1,,0,,0,,0,,0,-0.00103,0.64,-0.000979,1,-0.00103,1,-0.000698,1,-0.000647,0.5,,0,,0,,0,-0.001183,0.76,-0.001157,1,-0.001234,0.97,-0.00126,0.97,-0.001081,0.74,,0,,0,,0
2022-08-28,,0,-0.001157,1,-0.001209,1,-0.001106,1,,0,,0,,0,-0.002,1,-0.000979,0.68,-0.001055,1,-0.001106,1,-0.001004,1,-0.0008,0.44,,0,,0,,0,-0.000749,0.75,-0.001157,1,-0.001209,1,-0.001157,0.96,-0.001209,0.8,-0.002,0.02,,0,,0
2022-09-04,,0,-0.002,1,-0.002,1,-0.001285,1,,0,,0,,0,,0,-0.001234,0.59,-0.001387,1,-0.001336,0.95,-0.001106,1,-0.00034,0.5,,0,,0,,0,-0.001387,0.51,-0.001668,0.85,-0.001311,0.54,-0.001387,0.84,-0.001311,0.59,,0,,0,,0
2022-09-11,,0,-0.000698,1,-0.000723,1,-0.000672,1,,0,,0,,0,-0.002,1,-0.000851,0.73,-0.001132,1,-0.001055,0.95,-0.0008,1,-0.000877,0.5,,0,,0,,0,-0.000647,0.78,-0.001285,1,-0.00126,0.94,-0.00126,0.87,-0.001106,0.81,-0.002,0.04,,0,,0
2022-09-18,,0,-0.002,1,-0.002,1,-0.002,1,,0,,0,,0,-0.002,1,-0.001617,0.68,-0.001311,1,-0.001311,1,-0.001183,1,-0.001234,0.44,,0,,0,,0,-0.001157,0.75,-0.001183,1,-0.001234,0.95,-0.00126,1,-0.001157,0.8,-0.002,0.04,,0,,0
2022-09-25,-0.001413,0.5,-0.001387,1,-0.001413,1,-0.001515,1,,0,,0,,0,-0.002,1,-0.001285,0.73,-0.001311,1,-0.001132,1,-0.00103,1,-0.001413,0.44,,0,,0,,0,-0.001132,0.76,-0.001106,1,-0.001183,1,-0.001157,0.99,-0.001183,0.8,-0.002,0.02,,0,,0
2022-10-02,,0,-0.002,1,-0.001694,1,-0.002,1,,0,,0,,0,-0.002,1,-0.002,0.64,-0.001591,1,-0.001311,1,-0.001566,1,-0.002,0.44,,0,,0,,0,-0.001106,0.78,-0.001004,1,-0.001132,1,-0.001209,0.97,-0.001311,0.81,-0.002,0.04,,0,,0
2022-10-09,,0,-0.001489,0.5,-0.001438,1,-0.001566,1,,0,,0,,0,-0.002,1,-0.001285,0.32,-0.002,0.29,-0.001745,0.8,-0.001464,1,-0.001132,0.5,,0,,0,,0,-0.001311,0.46,-0.001668,0.68,-0.00126,0.66,-0.001183,1,-0.001106,0.78,-0.002,0.02,,0,,0
2022-10-16,,0,-0.001974,1,-0.001668,1,-0.001566,1,,0,,0,,0,-0.002,1,-0.00177,0.77,-0.001668,1,-0.001643,1,-0.001489,1,-0.001285,0.44,,0,,0,,0,-0.00154,0.76,-0.001489,0.92,-0.001362,1,-0.001464,0.66,-0.001464,0.78,-0.002,0.02,,0,,0
2022-10-23,,0,-0.002,1,-0.002,1,-0.002,1,,0,,0,,0,-0.002,1,-0.002,0.77,-0.002,1,-0.001081,1,-0.001438,1,-0.002,0.44,,0,,0,,0,-0.001847,0.76,-0.001183,1,-0.001055,1,-0.001055,0.9,-0.001821,0.65,-0.002,0.02,,0,,0
2022-10-30,,0,-0.002,1,-0.002,1,-0.002,1,,0,,0,,0,-0.002,1,-0.001719,0.73,-0.001515,1,-0.001515,1,-0.00154,1,-0.00126,0.44,,0,,0,,0,-0.001055,0.76,-0.001183,1,-0.001515,1,-0.001898,0.85,-0.002,0.65,-0.002,0.02,,0,,0
2022-11-06,,0,-0.002,1,-0.002,1,-0.002,1,,0,,0,,0,-0.002,0.5,-0.002,0.64,-0.002,1,-0.00154,1,-0.001515,0.95,-0.001438,0.44,,0,,0,,0,-0.002,0.72,-0.001617,0.94,-0.001668,0.89,-0.001643,0.82,-0.00177,0.75,-0.002,0.02,,0,,0
2022-11-13,,0,-0.002,1,-0.00177,1,-0.001668,1,,0,,0,,0,-0.002,0.5,-0.001132,0.77,-0.001285,1,-0.001132,1,-0.001004,1,-0.0008,0.5,,0,,0,,0,-0.001336,0.78,-0.001234,1,-0.001106,1,-0.000953,1,-0.001004,0.77,-0.002,0.02,,0,,0
2022-11-20,,0,-0.002,1,-0.002,1,-0.002,0.5,,0,,0,,0,-0.002,1,-0.002,0.64,-0.002,0.67,-0.002,0.25,-0.002,0.9,-0.002,0.39,,0,,0,,0,-0.002,0.49,-0.002,0.25,-0.002,0.02,-0.001464,0.71,-0.001515,0.62,-0.002,0.02,,0,,0
2022-11-27,,0,-0.002,1,-0.002,1,-0.002,1,,0,,0,,0,-0.002,1,-0.002,0.77,-0.002,1,-0.002,1,-0.002,1,-0.002,0.5,,0,,0,,0,-0.002,0.76,-0.001438,1,-0.001362,0.72,-0.001311,0.96,-0.001591,0.8,-0.002,0.02,,0,,0
2022-12-04,,0,-0.002,0.5,-0.002,1,-0.002,0.5,,0,,0,,0,,0,-0.002,0.32,-0.001898,0.95,-0.001821,1,-0.001694,0.95,-0.002,0.44,,0,,0,,0,-0.002,0.13,-0.001464,0.68,-0.001336,0.83,-0.001336,0.99,-0.001591,0.71,-0.002,0.02,,0,,0
2022-12-11,,0,-0.002,1,-0.002,1,-0.002,1,,0,,0,,0,-0.002,0.5,-0.001617,0.68,-0.001311,1,-0.001209,1,-0.001311,1,-0.00154,0.5,,0,,0,,0,-0.001413,0.76,-0.001055,1,-0.001081,1,-0.00103,1,-0.001157,0.8,-0.002,0.02,,0,,0
2022-12-18,,0,-0.000979,1,-0.001362,1,-0.00126,1,,0,,0,,0,-0.002,1,-0.000902,0.68,-0.001106,1,-0.001157,1,-0.00126,1,-0.001081,0.5,,0,,0,,0,-0.000851,0.76,-0.001081,1,-0.001157,1,-0.001336,0.9,-0.001336,0.77,-0.002,0.02,,0,,0
2022-12-25,,0,-0.002,1,-0.002,1,-0.002,0.5,,0,,0,,0,-0.002,1,-0.002,0.59,-0.002,0.29,-0.002,0.35,-0.002,0.05,-0.002,0.11,,0,,0,,0,-0.002,0.29,-0.001387,0.85,-0.001489,0.77,-0.001515,0.47,-0.002,0.16,,0,,0,,0
2023-01-01,,0,-0.002,1,-0.002,1,-0.002,1,,0,,0,,0,-0.002,1,-0.002,0.68,-0.002,1,-0.002,1,-0.002,1,-0.002,0.44,,0,,0,,0,-0.002,0.78,-0.00126,1,-0.001209,1,-0.001183,1,-0.00154,0.8,-0.002,0.02,,0,,0
2023-01-08,,0,-0.002,1,-0.001591,1,-0.001847,1,,0,,0,,0,-0.002,1,-0.001898,0.64,-0.001719,1,-0.001285,1,-0.001311,1,-0.001643,0.44,,0,,0,,0,-0.001566,0.76,-0.001106,1,-0.001132,1,-0.001209,1,-0.001719,0.78,-0.002,0.02,,0,,0
2023-01-15,,0,-0.002,1,-0.001387,1,-0.001336,1,,0,,0,,0,-0.002,1,-0.001413,0.68,-0.000902,1,-0.000979,1,-0.000774,1,-0.001209,0.5,,0,,0,,0,-0.000979,0.76,-0.001004,1,-0.000979,1,-0.000902,1,-0.000826,0.81,-0.002,0.02,,0,,0
2023-01-22,,0,-0.002,1,-0.002,1,-0.002,1,,0,,0,,0,-0.002,1,-0.002,0.68,-0.001311,1,-0.001285,1,-0.001285,1,-0.002,0.5,,0,,0,,0,-0.00126,0.76,-0.001132,1,-0.001209,1,-0.001234,1,-0.001285,0.77,,0,,0,,0
2023-01-29,-0.002,0.5,-0.002,1,-0.002,1,-0.002,1,,0,,0,,0,-0.002,0.5,-0.002,0.68,-0.002,1,-0.001694,1,-0.001745,1,-0.002,0.44,,0,,0,,0,-0.002,0.75,-0.001515,1,-0.001719,0.98,-0.001719,1,-0.002,0.74,,0,,0,,0
2023-02-05,,0,-0.002,1,-0.002,1,-0.002,1,,0,,0,,0,-0.002,1,-0.002,0.64,-0.002,1,-0.001438,1,-0.001591,1,-0.002,0.44,,0,,0,,0,-0.00177,0.75,-0.001311,1,-0.001362,0.83,-0.001362,0.93,-0.001949,0.81,-0.002,0.02,,0,,0
2023-02-12,,0,-0.002,1,-0.002,1,-0.002,1,,0,,0,,0,-0.002,1,-0.002,0.68,-0.001643,1,-0.001515,1,-0.001566,1,-0.002,0.44,,0,,0,,0,-0.001591,0.76,-0.001183,1,-0.001106,1,-0.001081,1,-0.001515,0.8,-0.002,0.02,,0,,0
2023-02-19,,0,-0.002,1,-0.002,1,-0.002,1,,0,,0,,0,-0.002,0.5,-0.002,0.68,-0.002,0.95,-0.002,0.9,-0.002,0.65,-0.002,0.39,,0,,0,,0,-0.001923,0.74,-0.001719,0.97,-0.001668,0.97,-0.001591,0.84,-0.001949,0.68,-0.002,0.02,,0,,0
2023-02-26,,0,-0.002,1,-0.002,1,-0.002,1,,0,,0,,0,-0.002,0.5,-0.002,0.55,-0.002,1,-0.002,1,-0.002,1,-0.002,0.5,,0,,0,,0,-0.002,0.68,-0.00177,0.98,-0.001413,1,-0.001464,1,-0.001643,0.78,-0.002,0.02,,0,,0
2023-03-05,,0,-0.001413,1,-0.000902,1,-0.000877,1,,0,,0,,0,,0,-0.000698,0.68,-0.000851,1,-0.001183,1,-0.001132,1,-0.001132,0.44,,0,,0,,0,-0.000851,0.76,-0.00103,1,-0.001285,1,-0.00126,1,-0.001106,0.74,,0,,0,,0
2023-03-12,,0,-0.001566,1,-0.001387,1,-0.001464,1,,0,,0,,0,-0.002,0.5,-0.001387,0.68,-0.001413,1,-0.001362,1,-0.001311,1,-0.001311,0.44,,0,,0,,0,-0.001413,0.76,-0.001489,1,-0.001413,1,-0.001336,1,-0.001311,0.75,,0,,0,,0
2023-03-20,,0,-0.002,1,-0.002,1,-0.002,1,,0,,0,,0,,0,-0.002,0.55,-0.001974,1,-0.001796,1,-0.002,0.85,-0.002,0.44,,0,,0,,0,-0.002,0.57,-0.001745,0.66,-0.001694,0.45,-0.001668,0.46,-0.001694,0.46,,0,,0,,0
2023-03-27,,0,-0.002,0.5,-0.002,0.33,-0.002,1,,0,,0,,0,,0,-0.002,0.64,-0.002,0.95,-0.002,0.9,-0.002,0.7,-0.002,0.44,,0,,0,,0,-0.002,0.75,-0.001643,0.86,-0.001694,0.94,-0.001081,0.28,-0.002,0.71,,0,,0,,0
2023-04-03,,0,,0,,0,,0,,0,,0,,0,,0,,0,-0.002,0.24,-0.002,0.55,-0.002,0.05,,0,,0,,0,,0,-0.001515,0.13,-0.002,0.57,-0.002,0.65,-0.002,0.18,-0.002,0.06,,0,,0,,0
2023-04-10,,0,,0,-0.002,0.33,-0.002,1,,0,,0,,0,,0,,0,-0.002,0.38,-0.002,0.7,-0.002,0.75,-0.002,0.39,,0,,0,,0,-0.002,0.07,-0.002,0.08,-0.001694,0.26,-0.001668,0.9,-0.002,0.72,,0,,0,,0
2023-04-17,,0,-0.002,1,-0.002,1,-0.002,1,,0,,0,,0,-0.002,1,-0.002,0.64,-0.001183,1,-0.000851,1,-0.001336,1,-0.002,0.44,,0,,0,,0,-0.001183,0.75,-0.000953,0.98,-0.000979,1,-0.001157,1,-0.001643,0.77,-0.002,0.02,,0,,0
2023-04-24,,0,-0.002,0.5,-0.002,0.67,-0.002,0.5,,0,,0,,0,,0,-0.002,0.18,-0.002,0.95,-0.001847,0.85,-0.001591,0.55,-0.002,0.22,,0,,0,,0,-0.002,0.21,-0.001591,0.91,-0.001591,0.85,-0.001489,0.78,-0.002,0.07,,0,,0,,0
2023-05-01,,0,-0.002,1,-0.002,1,-0.002,1,,0,,0,,0,-0.002,1,-0.002,0.73,-0.001745,1,-0.001234,1,-0.001387,1,-0.002,0.44,,0,,0,,0,-0.001055,0.76,-0.001157,1,-0.000979,1,-0.001055,1,-0.001387,0.78,-0.002,0.02,,0,,0
2023-05-08,,0,,0,-0.002,0.67,,0,,0,,0,,0,,0,,0,-0.001796,0.52,-0.001413,0.25,-0.001745,0.2,,0,,0,,0,,0,,0,-0.001821,0.46,-0.001438,0.15,-0.002,0.03,-0.001387,0.09,,0,,0,,0
2023-05-15,,0,,0,-0.002,0.67,-0.002,0.5,,0,,0,,0,,0,-0.001387,0.36,-0.002,0.71,-0.001923,0.7,-0.001617,0.35,,0,,0,,0,,0,-0.001923,0.71,-0.001847,0.52,-0.001923,0.18,-0.001923,0.6,-0.001489,0.09,,0,,0,,0
2023-05-22,,0,-0.001285,1,-0.001566,1,-0.002,1,,0,,0,,0,-0.002,1,-0.00103,0.68,-0.001515,1,-0.00154,1,-0.00126,1,-0.000749,0.5,,0,,0,,0,-0.000647,0.75,-0.001285,1,-0.000494,1,-0.001183,0.97,-0.001055,0.83,-0.002,0.02,,0,,0
2023-05-29,,0,-0.000723,1,-0.000596,1,-0.00057,1,,0,,0,,0,-0.002,1,-0.000596,0.64,-0.00126,1,-0.001311,1,-0.00103,1,0.000068,0.44,,0,,0,,0,-0.0008,0.76,-0.001387,1,-0.00126,0.97,-0.001234,1,-0.00103,0.81,-0.002,0.02,,0,,0
2023-06-05,,0,-0.000851,1,-0.000672,1,-0.000774,1,,0,,0,,0,-0.002,1,-0.000902,0.73,-0.001183,1,-0.001055,1,-0.000826,1,-0.000034,0.5,,0,,0,,0,-0.000902,0.75,-0.001132,1,-0.001132,1,-0.001157,1,-0.000826,0.78,-0.002,0.02,,0,,0
2023-06-12,0.000221,0.5,-0.00057,1,0.000272,1,-0.000519,1,,0,,0,,0,-0.002,1,-0.000596,0.68,-0.001183,1,-0.001234,1,-0.00057,1,0.000604,0.5,,0,,0,,0,-0.000494,0.76,-0.001183,1,-0.001081,1,-0.00126,1,-0.001055,0.77,-0.002,0.02,,0,,0
2023-06-19,,0,-0.001923,1,-0.002,1,-0.002,1,,0,,0,,0,,0,-0.001438,0.68,-0.001209,1,-0.001489,1,-0.001464,1,-0.001566,0.5,,0,,0,,0,-0.001464,0.75,-0.001438,1,-0.001464,1,-0.001464,1,-0.001464,0.75,,0,,0,,0
2023-06-26,,0,-0.002,1,-0.002,1,-0.002,1,,0,,0,,0,-0.002,0.5,-0.00103,0.68,-0.001515,1,-0.001438,1,-0.001209,1,-0.001362,0.5,,0,,0,,0,-0.00103,0.75,-0.001362,1,-0.001362,1,-0.001362,1,-0.001285,0.75,,0,,0,,0
2023-07-03,,0,-0.002,1,-0.001923,1,-0.002,1,,0,,0,,0,-0.002,0.5,-0.001489,0.73,-0.001387,1,-0.001285,1,-0.001234,1,-0.000877,0.5,,0,,0,,0,-0.001234,0.75,-0.001209,1,-0.001183,0.98,-0.001234,1,-0.001106,0.77,,0,,0,,0
2023-07-10,,0,-0.001387,1,-0.001387,1,-0.001234,1,,0,,0,,0,-0.002,0.5,-0.001183,0.68,-0.001285,1,-0.001157,1,-0.001081,1,-0.000723,0.5,,0,,0,,0,-0.001004,0.75,-0.001209,1,-0.00126,1,-0.001209,0.99,-0.001081,0.77,-0.002,0.02,,0,,0
2023-07-17,,0,-0.00154,1,-0.001285,1,-0.001617,1,,0,,0,,0,,0,-0.001106,0.68,-0.001234,1,-0.001209,1,-0.001004,1,-0.000953,0.5,,0,,0,,0,-0.000621,0.75,-0.001209,1,-0.00126,1,-0.001234,1,-0.001055,0.75,,0,,0,,0
2023-07-24,,0,-0.001438,1,-0.001311,1,-0.001209,1,,0,,0,,0,-0.002,0.5,-0.00126,0.68,-0.001311,1,-0.001311,1,-0.001081,1,-0.000136,0.5,,0,,0,,0,-0.0008,0.75,-0.001234,1,-0.001285,1,-0.001362,0.93,-0.001157,0.77,-0.002,0.02,,0,,0
2023-07-31,,0,-0.001617,1,-0.001719,1,-0.00154,1,,0,,0,,0,-0.002,0.5,-0.001234,0.55,-0.001336,1,-0.001387,0.95,-0.001285,0.9,-0.000647,0.44,,0,,0,,0,-0.001004,0.72,-0.001336,1,-0.001413,0.91,-0.001438,0.96,-0.001209,0.74,,0,,0,,0
2023-08-07,,0,-0.001438,1,-0.001285,1,-0.001234,1,,0,,0,,0,-0.002,1,-0.001132,0.64,-0.001285,1,-0.00126,1,-0.000877,1,-0.000494,0.5,,0,,0,,0,-0.000902,0.75,-0.001311,1,-0.001336,1,-0.001311,1,-0.00103,0.77,-0.002,0.02,,0,,0
2023-08-14,,0,-0.001515,1,-0.001489,1,-0.001591,1,,0,,0,,0,-0.002,0.5,-0.00126,0.68,-0.001234,1,-0.001234,1,-0.00126,1,-0.001055,0.5,,0,,0,,0,-0.001132,0.78,-0.001234,1,-0.001311,1,-0.00126,1,-0.001209,0.75,,0,,0,,0
2023-08-21,,0,-0.002,1,-0.002,1,-0.002,1,,0,,0,,0,,0,-0.001464,0.64,-0.001464,1,-0.001566,1,-0.001387,1,-0.001183,0.5,,0,,0,,0,-0.001285,0.75,-0.001438,1,-0.001591,0.89,-0.001566,0.51,-0.001566,0.68,,0,,0,,0
2023-08-28,,0,-0.001413,1,-0.001311,1,-0.001209,1,,0,,0,,0,-0.002,1,-0.001336,0.68,-0.001311,1,-0.001311,1,-0.001285,1,-0.001234,0.5,,0,,0,,0,-0.001311,0.76,-0.001336,0.97,-0.001311,0.92,-0.001336,1,-0.001413,0.8,-0.002,0.02,,0,,0
2023-09-04,,0,-0.001745,1,-0.001285,1,-0.001362,1,,0,,0,,0,-0.002,1,-0.001311,0.73,-0.001285,1,-0.00126,1,-0.00126,1,-0.001183,0.5,,0,,0,-0.002,0.05,-0.001234,0.76,-0.001311,1,-0.001311,1,-0.001362,1,-0.001311,0.77,-0.002,0.02,,0,0.004,0.02
2023-09-11,,0,-0.001591,1,-0.001515,1,-0.001464,1,,0,,0,,0,-0.002,1,-0.001234,0.68,-0.001209,1,-0.001209,1,-0.00126,1,-0.001157,0.5,,0,,0,,0,-0.001106,0.76,-0.001209,1,-0.001311,1,-0.001336,1,-0.001209,0.8,-0.002,0.02,,0,,0
2023-09-18,,0,-0.001489,1,-0.001591,1,-0.000851,1,,0,,0,,0,-0.002,1,-0.00126,0.68,-0.00126,1,-0.00126,1,-0.001234,1,-0.000979,0.5,,0,,0,,0,-0.001285,0.76,-0.001336,1,-0.001311,0.98,-0.00126,0.93,-0.00126,0.78,-0.002,0.02,,0,,0
2023-09-25,,0,-0.001489,1,-0.001132,1,-0.001081,1,,0,,0,,0,-0.002,1,-0.001132,0.73,-0.001132,1,-0.001157,1,-0.001081,1,-0.001132,0.44,,0,,0,,0,-0.001157,0.76,-0.001106,1,-0.001132,1,-0.001106,1,-0.001132,0.81,-0.002,0.02,,0,,0
2023-10-02,,0,-0.001949,1,-0.001796,1,-0.001566,1,,0,,0,,0,-0.002,1,-0.001285,0.77,-0.001336,1,-0.001362,1,-0.001209,1,-0.001183,0.44,,0,,0,,0,-0.001362,0.76,-0.001311,1,-0.001336,0.98,-0.001234,1,-0.001234,0.8,-0.002,0.02,,0,,0
2023-10-09,,0,-0.002,1,-0.002,1,-0.002,1,,0,,0,,0,-0.002,1,-0.002,0.77,-0.001489,1,-0.001234,1,-0.001132,0.95,-0.002,0.5,,0,,0,,0,-0.002,0.69,-0.001209,0.75,-0.001081,1,-0.001055,0.99,-0.001106,0.77,-0.002,0.02,,0,,0
2023-10-16,,0,-0.002,1,-0.002,1,-0.002,1,,0,,0,,0,-0.002,1,-0.002,0.82,-0.002,1,0.000604,1,-0.001489,1,-0.002,0.5,,0,,0,-0.002,0.11,-0.002,0.76,-0.001157,1,-0.001183,1,-0.001183,1,-0.001668,0.78,-0.002,0.02,,0,,0
2023-10-23,,0,-0.00177,1,-0.001132,1,-0.00103,1,,0,,0,,0,-0.002,1,-0.000979,0.77,-0.000979,1,-0.001311,1,-0.001081,1,-0.000851,0.5,,0,,0,-0.002,0.05,-0.000953,0.76,-0.000979,1,-0.001081,1,-0.001081,1,-0.001362,0.78,-0.002,0.02,,0,,0
2023-10-30,,0,-0.002,1,-0.001464,1,-0.001489,1,,0,,0,,0,-0.002,0.5,-0.00154,0.68,-0.001438,1,-0.001387,1,-0.001157,1,-0.001489,0.5,,0,,0,,0,-0.001132,0.76,-0.001209,1,-0.001157,0.98,-0.001311,1,-0.001387,0.75,-0.002,0.02,,0,,0
2023-11-06,,0,-0.002,1,-0.002,1,-0.002,1,,0,,0,,0,-0.002,1,-0.002,0.73,-0.002,1,-0.001617,1,-0.001489,1,-0.002,0.5,,0,,0,-0.002,0.05,-0.002,0.76,-0.001234,0.98,-0.001234,0.85,-0.001132,1,-0.002,0.81,-0.002,0.02,,0,,0
2023-11-13,,0,-0.002,1,-0.001566,1,-0.001234,1,,0,,0,,0,-0.002,1,-0.001643,0.73,-0.001336,1,-0.001234,1,-0.001183,0.95,-0.001132,0.39,,0,,0,,0,-0.001515,0.72,-0.001157,0.75,-0.001081,0.92,-0.001106,0.71,-0.001336,0.48,-0.002,0.02,,0,,0
2023-11-20,,0,-0.002,1,-0.002,1,-0.002,1,,0,,0,,0,-0.002,1,-0.002,0.86,-0.002,1,-0.002,1,-0.002,1,-0.002,0.5,,0,,0,,0,-0.002,0.76,-0.001234,0.86,-0.00103,1,-0.001132,1,-0.002,0.81,-0.002,0.02,,0,,0
2023-11-27,,0,,0,,0,,0,,0,,0,,0,-0.002,0.5,-0.002,0.68,-0.002,0.14,,0,,0,,0,,0,,0,,0,-0.002,0.12,,0,-0.002,0.02,,0,,0,,0,,0,,0
2023-12-04,,0,,0,,0,,0,,0,,0,,0,,0,,0,,0,,0,,0,-0.002,0.06,,0,,0,,0,-0.002,0.03,,0,-0.001745,0.08,,0,-0.002,0.01,,0,,0,,0
2023-12-11,,0,-0.002,1,-0.002,1,-0.002,1,,0,,0,,0,-0.002,1,-0.002,0.73,-0.001438,1,-0.00154,1,-0.001336,1,-0.001643,0.44,,0,,0,,0,-0.001566,0.78,-0.001209,1,-0.001387,1,-0.001668,1,-0.002,0.78,-0.002,0.02,,0,,0
2023-12-18,,0,-0.002,1,-0.002,1,-0.002,1,,0,,0,,0,-0.002,1,-0.002,0.73,-0.002,1,-0.002,1,-0.002,1,-0.002,0.5,,0,,0,,0,-0.001745,0.76,-0.00126,1,-0.001157,1,-0.001285,1,-0.002,0.78,-0.002,0.02,,0,,0
2023-12-25,,0,-0.002,1,-0.002,1,-0.002,0.5,,0,,0,,0,,0,-0.002,0.64,-0.002,0.62,-0.002,0.7,-0.002,1,-0.002,0.44,,0,,0,,0,-0.002,0.62,-0.001796,0.51,-0.001694,0.66,-0.00177,0.99,-0.002,0.77,-0.002,0.02,,0,,0
2024-01-01,,0,-0.002,1,-0.002,1,-0.001668,1,,0,,0,,0,-0.002,1,-0.002,0.64,-0.001413,1,-0.001209,1,-0.001209,1,-0.001234,0.5,,0,,0,,0,-0.001285,0.76,-0.001209,1,-0.001183,1,-0.001209,1,-0.001489,0.83,-0.002,0.02,,0,,0
2024-01-09,,0,-0.002,1,-0.002,1,-0.002,1,,0,,0,,0,-0.002,1,-0.002,0.5,-0.002,1,-0.00177,1,-0.002,1,-0.002,0.44,,0,,0,,0,-0.002,0.66,-0.001311,0.98,-0.001234,1,-0.00126,0.72,-0.002,0.54,-0.002,0.02,,0,,0
2024-01-16,,0,-0.002,1,-0.002,1,,0,,0,,0,,0,,0,-0.002,0.64,-0.002,0.9,-0.002,0.85,-0.002,0.1,,0,,0,,0,,0,-0.002,0.26,-0.001821,0.92,-0.001464,0.89,-0.0008,0.07,-0.002,0.16,-0.002,0.02,,0,,0
2024-01-23,,0,,0,,0,,0,,0,,0,,0,,0,,0,,0,-0.002,0.2,-0.002,0.55,-0.002,0.22,,0,,0,,0,,0,,0,-0.001949,0.09,-0.00177,0.78,-0.001923,0.52,,0,,0,,0
2024-01-30,,0,-0.002,1,-0.002,1,-0.002,1,,0,,0,,0,-0.002,1,-0.002,0.64,-0.001668,1,-0.001362,1,-0.001285,1,-0.001438,0.5,,0,,0,,0,-0.001591,0.76,-0.001336,1,-0.001336,1,-0.001234,1,-0.001183,0.78,-0.002,0.02,,0,,0
2024-02-06,,0,-0.002,1,-0.002,1,-0.001489,1,,0,,0,,0,-0.002,1,-0.001566,0.73,-0.001081,1,-0.001106,1,-0.001081,1,-0.001132,0.5,,0,,0,,0,-0.001132,0.75,-0.000928,1,-0.001081,1,-0.001081,1,-0.001106,0.81,-0.002,0.02,,0,,0
2024-02-13,,0,-0.002,0.5,,0,,0,,0,,0,,0,,0,-0.000902,0.18,-0.001566,0.71,,0,,0,,0,,0,,0,,0,-0.001413,0.72,-0.001106,0.31,-0.001898,0.05,-0.001668,0.25,-0.001821,0.03,,0,,0,,0
2024-02-20,,0,-0.002,1,-0.002,1,-0.002,1,,0,,0,,0,-0.002,1,-0.002,0.73,-0.002,1,-0.001643,1,-0.002,1,-0.002,0.5,,0,,0,,0,-0.001413,0.75,-0.00126,1,-0.00126,1,-0.001362,0.72,-0.001745,0.74,-0.002,0.02,,0,,0
2024-02-27,,0,-0.002,1,-0.002,1,-0.002,1,,0,,0,,0,-0.002,0.5,-0.002,0.68,-0.001668,1,-0.001719,1,-0.001796,1,-0.002,0.5,,0,,0,,0,-0.001643,0.76,-0.001464,1,-0.001515,1,-0.001413,1,-0.001617,0.77,-0.002,0.02,,0,,0
2024-03-05,,0,,0,,0,,0,,0,,0,,0,,0,,0,,0,-0.002,0.4,-0.002,0.2,,0,,0,,0,,0,,0,-0.002,0.37,-0.002,0.88,-0.002,0.81,-0.002,0.09,,0,,0,,0
2024-03-12,,0,-0.001923,1,-0.00177,1,-0.00177,1,,0,,0,,0,,0,-0.001617,0.68,-0.002,1,-0.001438,1,-0.001566,0.95,-0.001719,0.5,,0,,0,,0,-0.001847,0.74,-0.001591,0.98,-0.001464,0.94,-0.001515,0.46,-0.002,0.3,,0,,0,,0
2024-03-19,,0,-0.001566,1,-0.001464,1,-0.001464,1,,0,,0,,0,,0,-0.001617,0.64,-0.001745,1,-0.001668,1,-0.001566,1,-0.001387,0.44,,0,,0,,0,-0.002,0.74,-0.001668,0.97,-0.001668,1,-0.002,0.79,-0.001974,0.42,,0,,0,,0
2024-03-26,,0,-0.00057,1,-0.000443,1,-0.001464,1,,0,,0,,0,-0.002,1,-0.000391,0.64,-0.0008,1,-0.001387,1,-0.001566,1,-0.000417,0.5,,0,,0,,0,-0.000391,0.76,-0.001004,1,-0.000928,1,-0.000979,1,-0.001157,0.78,-0.002,0.02,,0,,0
2024-04-02,,0,-0.00103,1,-0.00103,1,-0.000826,1,,0,,0,,0,-0.002,1,-0.001106,0.77,-0.001183,1,-0.001106,1,-0.000749,1,-0.000494,0.5,,0,,0,,0,-0.00103,0.75,-0.00103,1,-0.001183,1,-0.001157,1,-0.000774,0.78,-0.002,0.02,,0,,0
2024-04-09,,0,-0.000723,1,-0.000596,1,-0.000468,1,,0,,0,,0,-0.002,1,-0.00034,0.64,-0.0008,1,-0.000928,1,-0.000647,1,0.000247,0.44,,0,,0,,0,-0.000443,0.76,-0.001132,1,-0.001106,1,-0.000979,1,-0.000621,0.75,-0.002,0.02,,0,,0
2024-04-16,,0,-0.000647,1,-0.000545,1,-0.000877,1,,0,,0,,0,-0.002,1,-0.000443,0.68,-0.000545,1,-0.000596,1,-0.000494,1,-0.000826,0.44,,0,,0,,0,-0.000315,0.76,-0.000621,1,-0.00057,1,-0.000596,1,-0.000672,0.8,-0.002,0.02,,0,,0
2024-04-23,,0,,0,,0,,0,,0,,0,,0,,0,,0,-0.001898,0.1,-0.001566,0.3,-0.001489,0.35,-0.002,0.06,,0,,0,,0,-0.001643,0.07,-0.001566,0.95,-0.001515,0.98,-0.001566,0.82,-0.001745,0.07,,0,,0,,0
2024-04-30,,0,-0.002,1,-0.002,1,-0.001847,1,,0,,0,,0,,0,-0.002,0.64,-0.002,1,-0.001745,0.7,-0.001591,0.6,-0.001745,0.11,,0,,0,,0,-0.002,0.37,-0.001745,0.57,-0.00154,0.57,-0.001157,0.44,-0.001617,0.51,,0,,0,,0
2024-05-07,,0,,0,,0,,0,,0,,0,,0,,0,,0,,0,,0,,0,,0,,0,,0,,0,-0.002,0.15,-0.002,0.09,-0.002,0.02,-0.002,0.22,,0,,0,,0,,0
2024-05-14,,0,,0,,0,,0,,0,,0,,0,,0,,0,,0,,0,-0.002,0.05,,0,,0,,0,,0,,0,-0.00177,0.2,-0.001898,0.05,-0.002,0.01,,0,,0,,0,,0
2024-05-21,,0,,0,,0,,0,,0,,0,,0,,0,-0.002,0.09,,0,,0,,0,,0,,0,,0,,0,-0.001719,0.62,-0.001898,0.49,-0.002,0.29,-0.002,0.03,,0,,0,,0,,0
2024-05-28,,0,-0.002,1,-0.002,1,-0.002,1,,0,,0,,0,,0,-0.002,0.59,-0.002,0.48,-0.002,0.1,-0.002,0.1,-0.002,0.28,,0,,0,,0,-0.002,0.28,,0,-0.002,0.31,-0.002,0.49,-0.002,0.14,,0,,0,,0
2024-06-04,,0,-0.002,1,-0.002,1,-0.002,1,,0,,0,,0,,0,-0.002,0.59,-0.002,1,-0.001745,1,-0.001719,1,-0.001949,0.44,,0,,0,,0,-0.001821,0.75,-0.00177,1,-0.001745,1,-0.001719,0.87,-0.001796,0.71,,0,,0,,0
2024-06-11,,0,-0.001591,1,-0.00177,1,-0.002,1,,0,,0,,0,-0.002,0.5,-0.001157,0.73,-0.001566,1,-0.001694,1,-0.001847,1,-0.001847,0.44,,0,,0,,0,-0.001311,0.76,-0.001515,1,-0.001566,1,-0.001694,1,-0.001719,0.72,,0,,0,,0
2024-06-18,,0,-0.001362,1,-0.001234,1,-0.000902,1,,0,,0,,0,-0.002,1,-0.001234,0.68,-0.001387,1,-0.001387,1,-0.001234,1,-0.000979,0.44,,0,,0,,0,-0.001106,0.76,-0.001387,1,-0.001183,1,-0.001209,1,-0.001183,0.77,-0.002,0.02,,0,,0
2024-06-25,-0.002,0.5,-0.002,1,-0.002,1,-0.002,1,,0,,0,,0,-0.002,0.5,-0.002,0.64,-0.002,1,-0.002,0.7,-0.002,0.3,-0.002,0.39,,0,,0,,0,-0.002,0.68,-0.001668,0.68,-0.001949,0.62,-0.001362,0.66,-0.001821,0.67,-0.002,0.02,,0,,0
2024-07-06,,0,-0.002,1,-0.001923,1,-0.002,1,,0,,0,,0,,0,-0.001362,0.64,-0.001413,1,-0.001387,0.95,-0.001234,0.95,-0.00126,0.39,,0,,0,,0,-0.001285,0.74,-0.001362,0.97,-0.001132,1,-0.001132,1,-0.001387,0.75,-0.002,0.02,,0,,0
2024-07-13,,0,-0.002,1,-0.001387,0.67,-0.001438,1,,0,,0,,0,-0.002,1,-0.001081,0.68,-0.001311,0.76,-0.001157,0.75,-0.001387,0.95,-0.001438,0.44,,0,,0,,0,-0.001081,0.62,-0.001413,0.6,-0.001336,0.97,-0.001336,0.82,-0.001311,0.71,-0.002,0.02,,0,,0
2024-07-20,,0,,0,,0,,0,,0,,0,,0,,0,,0,,0,,0,,0,,0,,0,,0,,0,,0,,0,,0,,0,,0,,0,,0,,0
2024-07-27,,0,,0,,0,,0,,0,,0,,0,,0,,0,,0,,0,,0,,0,,0,,0,,0,,0,,0,,0,,0,,0,,0,,0,,0
2024-08-03,,0,,0,,0,,0,,0,,0,,0,,0,,0,,0,,0,,0,,0,,0,,0,,0,,0,,0,,0,,0,,0,,0,,0,,0
2024-08-10,,0,,0,,0,,0,,0,,0,,0,,0,,0,,0,,0,,0,,0,,0,,0,,0,,0,,0,,0,,0,,0,,0,,0,,0
2024-08-17,,0,,0,,0,,0,,0,,0,,0,,0,,0,,0,,0,,0,,0,,0,,0,,0,,0,,0,,0,,0,,0,,0,,0,,0
2024-08-24,,0,,0,,0,,0,,0,,0,,0,,0,,0,,0,,0,,0,,0,,0,,0,,0,,0,,0,,0,,0,,0,,0,,0,,0
2024-08-31,,0,,0,,0,,0,,0,,0,,0,,0,,0,,0,,0,,0,,0,,0,,0,,0,,0,,0,,0,,0,,0,,0,,0,,0
2024-09-07,,0,,0,,0,,0,,0,,0,,0,,0,,0,,0,,0,,0,,0,,0,,0,,0,,0,,0,,0,,0,,0,,0,,0,,0
2024-09-14,,0,,0,,0,,0,,0,,0,,0,,0,,0,,0,,0,,0,,0,,0,,0,,0,,0,,0,,0,,0,,0,,0,,0,,0
2024-09-21,,0,,0,,0,,0,,0,,0,,0,,0,,0,,0,,0,,0,,0,,0,,0,,0,,0,,0,,0,,0,,0,,0,,0,,0
2024-09-28,,0,,0,,0,,0,,0,,0,,0,,0,,0,,0,,0,,0,,0,,0,,0,,0,,0,,0,,0,,0,,0,,0,,0,,0
2024-10-05,,0,,0,,0,,0,,0,,0,,0,,0,,0,,0,,0,,0,,0,,0,,0,,0,,0,,0,,0,,0,,0,,0,,0,,0
2024-10-12,,0,,0,,0,,0,,0,,0,,0,,0,,0,,0,,0,,0,,0,,0,,0,,0,,0,,0,,0,,0,,0,,0,,0,,0
2024-10-19,,0,,0,,0,,0,,0,,0,,0,,0,,0,,0,,0,,0,,0,,0,,0,,0,,0,,0,,0,,0,,0,,0,,0,,0
2024-10-26,,0,,0,,0,,0,,0,,0,,0,,0,,0,,0,,0,,0,,0,,0,,0,,0,,0,,0,,0,,0,,0,,0,,0,,0
2024-11-02,,0,,0,,0,,0,,0,,0,,0,,0,,0,,0,,0,,0,,0,,0,,0,,0,,0,,0,,0,,0,,0,,0,,0,,0
2024-11-09,,0,,0,,0,,0,,0,,0,,0,,0,,0,,0,,0,,0,,0,,0,,0,,0,,0,,0,,0,,0,,0,,0,,0,,0
2024-11-16,,0,,0,,0,,0,,0,,0,,0,,0,,0,,0,,0,,0,,0,,0,,0,,0,,0,,0,,0,,0,,0,,0,,0,,0
2024-11-23,,0,,0,,0,,0,,0,,0,,0,,0,,0,,0,,0,,0,,0,,0,,0,,0,,0,,0,,0,,0,,0,,0,,0,,0
2024-11-30,,0,,0,,0,,0,,0,,0,,0,,0,,0,,0,,0,,0,,0,,0,,0,,0,,0,,0,,0,,0,,0,,0,,0,,0
2024-12-07,,0,,0,,0,,0,,0,,0,,0,,0,,0,,0,,0,,0,,0,,0,,0,,0,,0,,0,,0,,0,,0,,0,,0,,0
2024-12-14,,0,,0,,0,,0,,0,,0,,0,,0,,0,,0,,0,,0,,0,,0,,0,,0,,0,,0,,0,,0,,0,,0,,0,,0
2024-12-21,,0,,0,,0,,0,,0,,0,,0,,0,,0,,0,,0,,0,,0,,0,,0,,0,,0,,0,,0,,0,,0,,0,,0,,0
2024-12-28,,0,,0,,0,,0,,0,,0,,0,,0,,0,,0,,0,,0,,0,,0,,0,,0,,0,,0,,0,,0,,0,,0,,0,,0
2025-01-01,,0,,0,,0,,0,,0,,0,,0,,0,,0,,0,,0,,0,,0,,0,,0,,0,,0,,0,,0,,0,,0,,0,,0,,0
2025-01-08,,0,,0,,0,,0,,0,,0,,0,,0,,0,,0,,0,,0,,0,,0,,0,,0,,0,,0,,0,,0,,0,,0,,0,,0
2025-01-15,,0,,0,,0,,0,,0,,0,,0,,0,,0,,0,,0,,0,,0,,0,,0,,0,,0,,0,,0,,0,,0,,0,,0,,0
2025-01-22,,0,,0,,0,,0,,0,,0,,0,,0,,0,,0,,0,,0,,0,,0,,0,,0,,0,,0,,0,,0,,0,,0,,0,,0
2025-01-29,,0,,0,,0,,0,,0,,0,,0,,0,,0,,0,,0,,0,,0,,0,,0,,0,,0,,0,,0,,0,,0,,0,,0,,0
2025-02-05,,0,,0,,0,,0,,0,,0,,0,,0,,0,,0,,0,,0,,0,,0,,0,,0,,0,,0,,0,,0,,0,,0,,0,,0
2025-02-12,,0,,0,,0,,0,,0,,0,,0,,0,,0,,0,,0,,0,,0,,0,,0,,0,,0,,0,,0,,0,,0,,0,,0,,0
2025-02-19,,0,,0,,0,,0,,0,,0,,0,,0,,0,,0,,0,,0,,0,,0,,0,,0,,0,,0,,0,,0,,0,,0,,0,,0
2025-02-26,,0,,0,,0,,0,,0,,0,,0,,0,,0,,0,,0,,0,,0,,0,,0,,0,,0,,0,,0,,0,,0,,0,,0,,0
2025-03-05,,0,,0,,0,,0,,0,,0,,0,,0,,0,,0,,0,,0,,0,,0,,0,,0,,0,,0,,0,,0,,0,,0,,0,,0
2025-03-12,,0,,0,,0,,0,,0,,0,,0,,0,,0,,0,,0,,0,,0,,0,,0,,0,,0,,0,,0,,0,,0,,0,,0,,0
2025-03-19,,0,,0,,0,,0,,0,,0,,0,,0,,0,,0,,0,,0,,0,,0,,0,,0,,0,,0,,0,,0,,0,,0,,0,,0
2025-03-26,,0,,0,,0,,0,,0,,0,,0,,0,,0,,0,,0,,0,,0,,0,,0,,0,,0,,0,,0,,0,,0,,0,,0,,0
2025-04-02,,0,,0,,0,,0,,0,,0,,0,,0,,0,,0,,0,,0,,0,,0,,0,,0,,0,,0,,0,,0,,0,,0,,0,,0
2025-04-09,,0,,0,,0,,0,,0,,0,,0,,0,,0,,0,,0,,0,,0,,0,,0,,0,,0,,0,,0,,0,,0,,0,,0,,0
2025-04-16,,0,,0,,0,,0,,0,,0,,0,,0,,0,,0,,0,,0,,0,,0,,0,,0,,0,,0,,0,,0,,0,,0,,0,,0
2025-04-23,,0,,0,,0,,0,,0,,0,,0,,0,,0,,0,,0,,0,,0,,0,,0,,0,,0,,0,,0,,0,,0,,0,,0,,0
2025-04-30,,0,,0,,0,,0,,0,,0,,0,,0,,0,,0,,0,,0,,0,,0,,0,,0,,0,,0,,0,,0,,0,,0,,0,,0
2025-05-07,,0,,0,,0,,0,,0,,0,,0,,0,,0,,0,,0,,0,,0,,0,,0,,0,,0,,0,,0,,0,,0,,0,,0,,0
2025-05-14,,0,,0,,0,,0,,0,,0,,0,,0,,0,,0,,0,,0,,0,,0,,0,,0,,0,,0,,0,,0,,0,,0,,0,,0
2025-05-21,,0,,0,,0,,0,,0,,0,,0,,0,,0,,0,,0,,0,,0,,0,,0,,0,,0,,0,,0,,0,,0,,0,,0,,0
2025-05-28,,0,,0,,0,,0,,0,,0,,0,,0,,0,,0,,0,,0,,0,,0,,0,,0,,0,,0,,0,,0,,0,,0,,0,,0
2025-06-04,,0,,0,,0,,0,,0,,0,,0,,0,,0,,0,,0,,0,,0,,0,,0,,0,,0,,0,,0,,0,,0,,0,,0,,0
2025-06-11,,0,,0,,0,,0,,0,,0,,0,,0,,0,,0,,0,,0,,0,,0,,0,,0,,0,,0,,0,,0,,0,,0,,0,,0
2025-06-18,,0,,0,,0,,0,,0,,0,,0,,0,,0,,0,,0,,0,,0,,0,,0,,0,,0,,0,,0,,0,,0,,0,,0,,0
2025-06-25,,0,,0,,0,,0,,0,,0,,0,,0,,0,,0,,0,,0,,0,,0,,0,,0,,0,,0,,0,,0,,0,,0,,0,,0
2025-07-02,,0,,0,,0,,0,,0,,0,,0,,0,,0,,0,,0,,0,,0,,0,,0,,0,,0,,0,,0,,0,,0,,0,,0,,0
2025-07-18,,0,,0,,0,,0,,0,,0,,0,,0,,0,,0,,0,,0,,0,,0,,0,,0,,0,,0,,0,,0,,0,,0,,0,,0
2025-07-25,,0,,0,,0,,0,,0,,0,,0,,0,,0,,0,,0,,0,,0,,0,,0,,0,,0,,0,,0,,0,,0,,0,,0,,0
2025-08-01,,0,,0,,0,,0,,0,,0,,0,,0,,0,,0,,0,,0,,0,,0,,0,,0,,0,,0,,0,,0,,0,,0,,0,,0
2025-08-08,,0,,0,,0,,0,,0,,0,,0,,0,,0,,0,,0,,0,,0,,0,,0,,0,,0,,0,,0,,0,,0,,0,,0,,0
2025-08-15,,0,,0,,0,,0,,0,,0,,0,,0,,0,,0,,0,,0,,0,,0,,0,,0,,0,,0,,0,,0,,0,,0,,0,,0
2025-08-22,,0,,0,,0,,0,,0,,0,,0,,0,,0,,0,,0,,0,,0,,0,,0,,0,,0,,0,,0,,0,,0,,0,,0,,0
2025-08-29,,0,,0,,0,,0,,0,,0,,0,,0,,0,,0,,0,,0,,0,,0,,0,,0,,0,,0,,0,,0,,0,,0,,0,,0
2025-09-05,,0,,0,,0,,0,,0,,0,,0,,0,,0,,0,,0,,0,,0,,0,,0,,0,,0,,0,,0,,0,,0,,0,,0,,0
2025-09-12,,0,,0,,0,,0,,0,,0,,0,,0,,0,,0,,0,,0,,0,,0,,0,,0,,0,,0,,0,,0,,0,,0,,0,,0
2025-09-19,,0,,0,,0,,0,,0,,0,,0,,0,,0,,0,,0,,0,,0,,0,,0,,0,,0,,0,,0,,0,,0,,0,,0,,0
2025-09-26,,0,,0,,0,,0,,0,,0,,0,,0,,0,,0,,0,,0,,0,,0,,0,,0,,0,,0,,0,,0,,0,,0,,0,,0
2025-10-03,,0,,0,,0,,0,,0,,0,,0,,0,,0,,0,,0,,0,,0,,0,,0,,0,,0,,0,,0,,0,,0,,0,,0,,0
2025-10-10,,0,,0,,0,,0,,0,,0,,0,,0,,0,,0,,0,,0,,0,,0,,0,,0,,0,,0,,0,,0,,0,,0,,0,,0
2025-10-17,,0,,0,,0,,0,,0,,0,,0,,0,,0,,0,,0,,0,,0,,0,,0,,0,,0,,0,,0,,0,,0,,0,,0,,0
2025-10-24,,0,,0,,0,,0,,0,,0,,0,,0,,0,,0,,0,,0,,0,,0,,0,,0,,0,,0,,0,,0,,0,,0,,0,,0
2025-10-31,,0,,0,,0,,0,,0,,0,,0,,0,,0,,0,,0,,0,,0,,0,,0,,0,,0,,0,,0,,0,,0,,0,,0,,0
2025-11-07,,0,,0,,0,,0,,0,,0,,0,,0,,0,,0,,0,,0,,0,,0,,0,,0,,0,,0,,0,,0,,0,,0,,0,,0
2025-11-14,,0,,0,,0,,0,,0,,0,,0,,0,,0,,0,,0,,0,,0,,0,,0,,0,,0,,0,,0,,0,,0,,0,,0,,0
2025-11-21,,0,,0,,0,,0,,0,,0,,0,,0,,0,,0,,0,,0,,0,,0,,0,,0,,0,,0,,0,,0,,0,,0,,0,,0
2025-11-28,,0,,0,,0,,0,,0,,0,,0,,0,,0,,0,,0,,0,,0,,0,,0,,0,,0,,0,,0,,0,,0,,0,,0,,0
2025-12-05,,0,,0,,0,,0,,0,,0,,0,,0,,0,,0,,0,,0,,0,,0,,0,,0,,0,,0,,0,,0,,0,,0,,0,,0
2025-12-12,,0,,0,,0,,0,,0,,0,,0,,0,,0,,0,,0,,0,,0,,0,,0,,0,,0,,0,,0,,0,,0,,0,,0,,0
2025-12-19,,0,,0,,0,,0,,0,,0,,0,,0,,0,,0,,0,,0,,0,,0,,0,,0,,0,,0,,0,,0,,0,,0,,0,,0
2025-12-26,,0,,0,,0,,0,,0,,0,,0,,0,,0,,0,,0,,0,,0,,0,,0,,0,,0,,0,,0,,0,,0,,0,,0,,0
2026-01-01,,0,,0,,0,,0,,0,,0,,0,,0,,0,,0,,0,,0,,0,,0,,0,,0,,0,,0,,0,,0,,0,,0,,0,,0
2026-01-08,,0,,0,,0,,0,,0,,0,,0,,0,,0,,0,,0,,0,,0,,0,,0,,0,,0,,0,,0,,0,,0,,0,,0,,0
2026-01-15,,0,,0,,0,,0,,0,,0,,0,,0,,0,,0,,0,,0,,0,,0,,0,,0,,0,,0,,0,,0,,0,,0,,0,,0
2026-01-22,,0,,0,,0,,0,,0,,0,,0,,0,,0,,0,,0,,0,,0,,0,,0,,0,,0,,0,,0,,0,,0,,0,,0,,0
2026-01-29,,0,,0,,0,,0,,0,,0,,0,,0,,0,,0,,0,,0,,0,,0,,0,,0,,0,,0,,0,,0,,0,,0,,0,,0
2026-02-05,,0,,0,,0,,0,,0,,0,,0,,0,,0,,0,,0,,0,,0,,0,,0,,0,,0,,0,,0,,0,,0,,0,,0,,0
2026-02-12,,0,,0,,0,,0,,0,,0,,0,,0,,0,,0,,0,,0,,0,,0,,0,,0,,0,,0,,0,,0,,0,,0,,0,,0
2026-02-19,,0,,0,,0,,0,,0,,0,,0,,0,,0,,0,,0,,0,,0,,0,,0,,0,,0,,0,,0,,0,,0,,0,,0,,0
2026-02-26,,0,,0,,0,,0,,0,,0,,0,,0,,0,,0,,0,,0,,0,,0,,0,,0,,0,,0,,0,,0,,0,,0,,0,,0
2026-03-05,,0,,0,,0,,0,,0,,0,,0,,0,,0,,0,,0,,0,,0,,0,,0,,0,,0,,0,,0,,0,,0,,0,,0,,0
2026-03-12,,0,,0,,0,,0,,0,,0,,0,,0,,0,,0,,0,,0,,0,,0,,0,,0,,0,,0,,0,,0,,0,,0,,0,,0
2026-03-20,,0,,0,,0,,0,,0,,0,,0,,0,,0,,0,,0,,0,,0,,0,,0,,0,,0,,0,,0,,0,,0,,0,,0,,0
2026-03-27,,0,,0,,0,,0,,0,,0,,0,,0,,0,,0,,0,,0,,0,,0,,0,,0,,0,,0,,0,,0,,0,,0,,0,,0
2026-04-03,,0,,0,,0,,0,,0,,0,,0,,0,,0,,0,,0,,0,,0,,0,,0,,0,,0,,0,,0,,0,,0,,0,,0,,0
2026-04-10,,0,,0,,0,,0,,0,,0,,0,,0,,0,,0,,0,,0,,0,,0,,0,,0,,0,,0,,0,,0,,0,,0,,0,,0
2026-04-17,,0,,0,,0,,0,,0,,0,,0,,0,,0,,0,,0,,0,,0,,0,,0,,0,,0,,0,,0,,0,,0,,0,,0,,0
2026-04-24,,0,,0,,0,,0,,0,,0,,0,,0,,0,,0,,0,,0,,0,,0,,0,,0,,0,,0,,0,,0,,0,,0,,0,,0
2026-05-01,,0,,0,,0,,0,,0,,0,,0,,0,,0,,0,,0,,0,,0,,0,,0,,0,,0,,0,,0,,0,,0,,0,,0,,0
2026-05-08,,0,,0,,0,,0,,0,,0,,0,,0,,0,,0,,0,,0,,0,,0,,0,,0,,0,,0,,0,,0,,0,,0,,0,,0
2026-05-15,,0,,0,,0,,0,,0,,0,,0,,0,,0,,0,,0,,0,,0,,0,,0,,0,,0,,0,,0,,0,,0,,0,,0,,0
2026-05-22,,0,,0,,0,,0,,0,,0,,0,,0,,0,,0,,0,,0,,0,,0,,0,,0,,0,,0,,0,,0,,0,,0,,0,,0
2026-05-29,,0,,0,,0,,0,,0,,0,,0,,0,,0,,0,,0,,0,,0,,0,,0,,0,,0,,0,,0,,0,,0,,0,,0,,0
2026-06-05,,0,,0,,0,,0,,0,,0,,0,,0,,0,,0,,0,,0,,0,,0,,0,,0,,0,,0,,0,,0,,0,,0,,0,,0
2026-06-12,,0,,0,,0,,0,,0,,0,,0,,0,,0,,0,,0,,0,,0,,0,,0,,0,,0,,0,,0,,0,,0,,0,,0,,0
2026-06-19,,0,,0,,0,,0,,0,,0,,0,,0,,0,,0,,0,,0,,0,,0,,0,,0,,0,,0,,0,,0,,0,,0,,0,,0
2026-06-26,,0,,0,,0,,0,,0,,0,,0,,0,,0,,0,,0,,0,,0,,0,,0,,0,,0,,0,,0,,0,,0,,0,,0,,0
2026-07-03,,0,,0,,0,,0,,0,,0,,0,,0,,0,,0,,0,,0,,0,,0,,0,,0,,0,,0,,0,,0,,0,,0,,0,,0
2026-07-10,,0,,0,,0,,0,,0,,0,,0,,0,,0,,0,,0,,0,,0,,0,,0,,0,,0,,0,,0,,0,,0,,0,,0,,0
2026-07-17,,0,,0,,0,,0,,0,,0,,0,,0,,0,,0,,0,,0,,0,,0,,0,,0,,0,,0,,0,,0,,0,,0,,0,,0
2026-07-24,,0,,0,,0,,0,,0,,0,,0,,0,,0,,0,,0,,0,,0,,0,,0,,0,,0,,0,,0,,0,,0,,0,,0,,0
2026-07-31,,0,,0,,0,,0,,0,,0,,0,,0,,0,,0,,0,,0,,0,,0,,0,,0,,0,,0,,0,,0,,0,,0,,0,,0
2026-08-07,,0,,0,,0,,0,,0,,0,,0,,0,,0,,0,,0,,0,,0,,0,,0,,0,,0,,0,,0,,0,,0,,0,,0,,0
2026-08-14,,0,,0,,0,,0,,0,,0,,0,,0,,0,,0,,0,,0,,0,,0,,0,,0,,0,,0,,0,,0,,0,,0,,0,,0
2026-08-21,,0,,0,,0,,0,,0,,0,,0,,0,,0,,0,,0,,0,,0,,0,,0,,0,,0,,0,,0,,0,,0,,0,,0,,0
2026-08-28,,0,,0,,0,,0,,0,,0,,0,,0,,0,,0,,0,,0,,0,,0,,0,,0,,0,,0,,0,,0,,0,,0,,0,,0
2026-09-04,,0,,0,,0,,0,,0,,0,,0,,0,,0,,0,,0,,0,,0,,0,,0,,0,,0,,0,,0,,0,,0,,0,,0,,0
2026-09-11,,0,,0,,0,,0,,0,,0,,0,,0,,0,,0,,0,,0,,0,,0,,0,,0,,0,,0,,0,,0,,0,,0,,0,,0
2026-09-18,,0,,0,,0,,0,,0,,0,,0,,0,,0,,0,,0,,0,,0,,0,,0,,0,,0,,0,,0,,0,,0,,0,,0,,0
2026-09-25,,0,,0,,0,,0,,0,,0,,0,,0,,0,,0,,0,,0,,0,,0,,0,,0,,0,,0,,0,,0,,0,,0,,0,,0
